variant,variant_type,replicate,bin1_count,bin2_count,bin3_count,bin4_count,bin1_freq,bin2_freq,bin3_freq,bin4_freq,weighted_score,normalized_score
WT,wild_type,1,9,42,267,376,0.0075,0.042,0.19071428571428573,0.235,0.8436419660303622,1.0
p.Gly12Gly,synonymous,1,12,32,247,316,0.01,0.032,0.17642857142857143,0.1975,0.8374549201442555,0.9864393170794898
p.Trp18Ter,nonsense,1,221,110,41,6,0.18416666666666667,0.11,0.029285714285714286,0.00375,0.38739312352192107,0.0
p.Gln36Ter,nonsense,1,217,115,38,11,0.18083333333333335,0.115,0.027142857142857142,0.006875,0.39393665974916536,0.014342033595675877
p.Tyr52Ter,nonsense,1,207,89,30,7,0.1725,0.089,0.02142857142857143,0.004375,0.3761576232208342,-0.024625816559477664
p.Leu25Pro,missense,1,190,154,68,11,0.15833333333333333,0.154,0.04857142857142857,0.006875,0.4347354621522326,0.10376429312132582
p.Val30Asp,missense,1,124,208,146,36,0.10333333333333333,0.208,0.10428571428571429,0.0225,0.5262214010108145,0.30428192809349414
p.Ile40Asn,missense,1,40,172,258,43,0.03333333333333333,0.172,0.18428571428571427,0.026875,0.6228723328235984,0.5161201242879224
p.Gly46Arg,missense,1,159,17,22,181,0.1325,0.017,0.015714285714285715,0.113125,0.59831911208058,0.4623047094190853
p.Ser45Thr,missense,1,17,54,214,287,0.014166666666666666,0.054,0.15285714285714286,0.179375,0.8105906313645621,0.9275585347590474
p.Lys50Arg,missense,1,0,4,62,320,0.0,0.004,0.04428571428571428,0.2,0.9473532796317606,1.2273130448533238
p.Ala58Val,missense,1,4,3,7,6,0.0033333333333333335,0.003,0.005,0.00375,0.6519337016574585,0.5798164367521503
WT,wild_type,2,18,46,152,411,0.012,0.04181818181818182,0.1688888888888889,0.24176470588235294,0.8447024840541073,1.0
p.Gly12Gly,synonymous,2,5,60,133,340,0.0033333333333333335,0.05454545454545454,0.14777777777777779,0.2,0.8355328685258965,0.9792367091028136
p.Trp18Ter,nonsense,2,241,116,30,8,0.16066666666666668,0.10545454545454545,0.03333333333333333,0.004705882352941176,0.4030761747365706,0.0
p.Gln36Ter,nonsense,2,313,101,28,6,0.20866666666666667,0.09181818181818181,0.03111111111111111,0.0035294117647058825,0.3728112323054665,-0.06853065995518648
p.Tyr52Ter,nonsense,2,246,135,37,6,0.164,0.12272727272727273,0.04111111111111111,0.0035294117647058825,0.41261215868257034,0.021592880099775072
p.Leu25Pro,missense,2,302,188,46,15,0.20133333333333334,0.1709090909090909,0.051111111111111114,0.008823529411764706,0.42330969514156785,0.045815930749834526
p.Val30Asp,missense,2,148,183,82,50,0.09866666666666667,0.16636363636363635,0.09111111111111111,0.029411764705882353,0.5332431274522798,0.2947445611129045
p.Ile40Asn,missense,2,43,185,165,56,0.028666666666666667,0.16818181818181818,0.18333333333333332,0.03294117647058824,0.6334645023774389,0.5216816181012786
p.Gly46Arg,missense,2,152,28,14,178,0.10133333333333333,0.025454545454545455,0.015555555555555555,0.10470588235294118,0.6251106343678449,0.5027654715009919
p.Ser45Thr,missense,2,19,38,172,301,0.012666666666666666,0.034545454545454546,0.19111111111111112,0.17705882352941177,0.8205254560227039,0.9452545568021861
p.Lys50Arg,missense,2,0,11,38,329,0.0,0.01,0.042222222222222223,0.1935294117647059,0.9367021276595745,1.2083201151390595
p.Ala58Val,missense,2,13,9,3,0,0.008666666666666666,0.008181818181818182,0.0033333333333333335,0.0,0.4339339339339339,0.06987300925311514
