,site_position,score,Region
122,15,0.946110631684811,phosphataseRegion
123,15,0.955462373394813,phosphataseRegion
124,15,1.07312997984404,phosphataseRegion
125,15,0.913789738698054,phosphataseRegion
126,15,1.1827582463852,phosphataseRegion
127,15,1.01212332220966,phosphataseRegion
128,15,1.22510345780072,phosphataseRegion
129,15,1.09873641815531,phosphataseRegion
130,15,1.20518009112705,phosphataseRegion
131,15,1.11928812140498,phosphataseRegion
132,15,1.08697403681407,phosphataseRegion
133,15,0.8242186956489359,phosphataseRegion
134,15,0.995975625540364,phosphataseRegion
135,15,1.0251315149842,phosphataseRegion
136,15,0.966155196017828,phosphataseRegion
137,15,0.988403512034052,phosphataseRegion
138,15,1.04324698478536,phosphataseRegion
139,15,1.25365375351507,phosphataseRegion
140,16,0.9500687071198108,phosphataseRegion
141,16,0.819492613439528,phosphataseRegion
142,16,1.16691212619323,phosphataseRegion
143,16,1.01435617102628,phosphataseRegion
144,16,0.856299041004331,phosphataseRegion
145,16,0.822226003373218,phosphataseRegion
146,16,1.02801816450391,phosphataseRegion
147,16,1.00567982216442,phosphataseRegion
148,16,0.840504469430741,phosphataseRegion
149,16,0.9078884251135628,phosphataseRegion
150,16,0.878622335811747,phosphataseRegion
151,16,0.86227288488711,phosphataseRegion
152,16,0.9688490027387452,phosphataseRegion
153,17,0.921945609325414,phosphataseRegion
154,17,1.01074485968661,phosphataseRegion
155,17,0.6970966054853102,phosphataseRegion
156,17,0.8176988968283191,phosphataseRegion
157,17,0.985872299212155,phosphataseRegion
158,17,0.8699367166504909,phosphataseRegion
159,17,1.09232219069472,phosphataseRegion
160,17,0.9128540487893207,phosphataseRegion
161,17,0.8046214924231749,phosphataseRegion
162,17,0.9911529291681708,phosphataseRegion
163,17,0.8993659955499521,phosphataseRegion
164,17,1.1354092547965702,phosphataseRegion
165,17,0.954703702419106,phosphataseRegion
166,17,0.84294378579191,phosphataseRegion
167,17,0.883376130469478,phosphataseRegion
168,17,0.8835747490300501,phosphataseRegion
169,17,1.02067321224283,phosphataseRegion
170,17,0.764850326164717,phosphataseRegion
171,17,0.648980428010514,phosphataseRegion
172,18,0.941364714532718,phosphataseRegion
173,18,0.917617290862704,phosphataseRegion
174,18,0.909297834584841,phosphataseRegion
175,18,0.96493368079838,phosphataseRegion
176,18,0.8957064572349108,phosphataseRegion
177,18,0.751076337859385,phosphataseRegion
178,18,0.692516625327712,phosphataseRegion
179,18,0.910302036192976,phosphataseRegion
180,18,0.8875565518845201,phosphataseRegion
181,18,0.8715260796907001,phosphataseRegion
182,18,1.0855262778645698,phosphataseRegion
183,18,0.8770414607167819,phosphataseRegion
184,18,0.8956492930114789,phosphataseRegion
185,18,0.8700142671953399,phosphataseRegion
186,18,0.9918354576085072,phosphataseRegion
187,18,0.9545043348518572,phosphataseRegion
188,19,0.875620980711325,phosphataseRegion
189,19,0.619867874127646,phosphataseRegion
190,19,0.961582135641724,phosphataseRegion
191,19,0.513433505986566,phosphataseRegion
192,19,0.842904988048291,phosphataseRegion
193,19,0.538782382101053,phosphataseRegion
194,19,0.633710634399675,phosphataseRegion
195,19,0.809827097931295,phosphataseRegion
196,19,0.7619434989285531,phosphataseRegion
197,19,1.14509188612619,phosphataseRegion
198,19,0.970758734362805,phosphataseRegion
199,19,0.6656514089148621,phosphataseRegion
200,19,0.903656013591753,phosphataseRegion
201,19,0.9820436266122008,phosphataseRegion
202,19,0.796982438837225,phosphataseRegion
203,19,0.820660513650636,phosphataseRegion
204,19,0.7352265064315021,phosphataseRegion
205,19,1.0123927768108298,phosphataseRegion
206,20,0.8531795567101,phosphataseRegion
207,20,0.818745760751952,phosphataseRegion
208,20,1.07746659767115,phosphataseRegion
209,20,0.963849319525736,phosphataseRegion
210,20,0.8717184186139392,phosphataseRegion
211,20,0.913933658684351,phosphataseRegion
212,20,0.967527527839018,phosphataseRegion
213,20,0.840083497653014,phosphataseRegion
214,20,0.8440363380849392,phosphataseRegion
215,20,0.9935961498397872,phosphataseRegion
216,20,0.848242767608899,phosphataseRegion
217,20,0.92061115686805,phosphataseRegion
218,20,0.8062813278162371,phosphataseRegion
219,20,0.867774855144923,phosphataseRegion
220,20,0.982200108079512,phosphataseRegion
221,20,0.7089209137534099,phosphataseRegion
222,20,0.780817192546597,phosphataseRegion
223,20,0.8216751197231609,phosphataseRegion
224,21,0.928378884983948,phosphataseRegion
225,21,0.910502801350021,phosphataseRegion
226,21,0.924269188412593,phosphataseRegion
227,21,0.8085424180514871,phosphataseRegion
228,21,0.909542784017808,phosphataseRegion
229,21,1.01792928524275,phosphataseRegion
230,21,0.945651605640987,phosphataseRegion
231,21,0.850183358599965,phosphataseRegion
232,21,0.7324932999508309,phosphataseRegion
233,21,0.817236933810671,phosphataseRegion
234,21,0.918821223329698,phosphataseRegion
235,21,0.892204321918575,phosphataseRegion
236,21,0.8474053741809051,phosphataseRegion
237,21,0.8693515851533459,phosphataseRegion
238,21,0.8914277328145659,phosphataseRegion
239,21,0.954272460002629,phosphataseRegion
240,22,0.8029206059674391,phosphataseRegion
241,22,0.750652142482228,phosphataseRegion
242,22,0.6497644096151229,phosphataseRegion
243,22,0.92056085781108,phosphataseRegion
244,22,0.837734617878385,phosphataseRegion
245,22,0.8662452368564642,phosphataseRegion
246,22,0.448036271076526,phosphataseRegion
247,22,0.40590615119505,phosphataseRegion
248,22,1.36050291199857,phosphataseRegion
249,22,1.00009877925043,phosphataseRegion
250,22,0.8204625000233342,phosphataseRegion
251,22,0.7658874833957959,phosphataseRegion
252,22,0.9424062704382192,phosphataseRegion
253,22,0.7125482727076049,phosphataseRegion
254,22,0.6745362097493729,phosphataseRegion
255,22,0.8393727992290569,phosphataseRegion
256,23,0.544636141178215,phosphataseRegion
257,23,0.316921860788886,phosphataseRegion
258,23,0.525456389242877,phosphataseRegion
259,23,0.671958382848102,phosphataseRegion
260,23,0.587617643356906,phosphataseRegion
261,23,1.31262379634751,phosphataseRegion
262,23,0.8608499769840379,phosphataseRegion
263,23,0.688573747533759,phosphataseRegion
264,23,0.74321358433568,phosphataseRegion
265,23,0.561107598223781,phosphataseRegion
266,23,0.582188246847121,phosphataseRegion
267,23,0.682710016994181,phosphataseRegion
268,23,0.695732008606155,phosphataseRegion
269,23,0.693521502434849,phosphataseRegion
270,23,0.8655819819084929,phosphataseRegion
271,23,0.7098380412066441,phosphataseRegion
272,24,0.82740114356139,phosphataseRegion
273,24,0.874868539085298,phosphataseRegion
274,24,0.379687125124571,phosphataseRegion
275,24,0.475743791732349,phosphataseRegion
276,24,0.4294364165431289,phosphataseRegion
277,24,0.849291645696078,phosphataseRegion
278,24,0.673782955571218,phosphataseRegion
279,24,0.6279673987994039,phosphataseRegion
280,24,0.3712020929136571,phosphataseRegion
281,24,0.647107290268216,phosphataseRegion
282,25,0.5629445804572,phosphataseRegion
283,25,0.599196176144,phosphataseRegion
284,25,0.345579706064662,phosphataseRegion
285,25,0.459421107372669,phosphataseRegion
286,25,0.358222304187231,phosphataseRegion
287,25,0.746838400428582,phosphataseRegion
288,25,0.700371691380119,phosphataseRegion
289,25,1.00565117196936,phosphataseRegion
290,25,0.523468650749743,phosphataseRegion
291,25,0.463589461226518,phosphataseRegion
292,25,0.5525101449053891,phosphataseRegion
293,25,0.361511736170458,phosphataseRegion
294,25,0.501896280800665,phosphataseRegion
295,25,0.634034574544365,phosphataseRegion
296,25,0.8788539658217179,phosphataseRegion
297,25,0.434919228187647,phosphataseRegion
298,25,0.934363836071874,phosphataseRegion
299,26,0.779671300254878,phosphataseRegion
300,26,0.963216717709902,phosphataseRegion
301,26,0.67014417668323,phosphataseRegion
302,26,0.5358176580423589,phosphataseRegion
303,26,0.4266731903073271,phosphataseRegion
304,26,0.62595598946623,phosphataseRegion
305,26,0.486823664496591,phosphataseRegion
306,26,0.706704568216981,phosphataseRegion
307,26,0.42161733710288,phosphataseRegion
308,26,0.13051033572119,phosphataseRegion
309,26,0.9261789194086892,phosphataseRegion
310,26,0.604193828195795,phosphataseRegion
311,26,1.00302921822502,phosphataseRegion
312,26,0.6916531124075881,phosphataseRegion
313,27,0.3494593521983481,phosphataseRegion
314,27,0.684512817638745,phosphataseRegion
315,27,0.274944310704277,phosphataseRegion
316,27,0.552845894320624,phosphataseRegion
317,27,0.375397363355835,phosphataseRegion
318,27,0.3145223727770789,phosphataseRegion
319,27,0.5088289594896521,phosphataseRegion
320,27,0.400731691836378,phosphataseRegion
321,28,0.195986826477525,phosphataseRegion
322,28,0.201342301910482,phosphataseRegion
323,28,0.3654844597644241,phosphataseRegion
324,28,0.295384072654918,phosphataseRegion
325,28,0.240580916254494,phosphataseRegion
326,28,0.3719564939329361,phosphataseRegion
327,28,0.8121736762258579,phosphataseRegion
328,28,0.506604223523752,phosphataseRegion
329,28,0.132481857353196,phosphataseRegion
330,28,0.279772324419931,phosphataseRegion
331,28,0.277164103661491,phosphataseRegion
332,28,0.234566174343512,phosphataseRegion
333,28,1.0142934153102,phosphataseRegion
334,29,0.787979280275278,phosphataseRegion
335,29,0.7287216649051079,phosphataseRegion
336,29,0.0242108788976218,phosphataseRegion
337,29,0.881937408977753,phosphataseRegion
338,29,0.8503665283856541,phosphataseRegion
339,29,0.490620608936198,phosphataseRegion
340,29,0.825138611794961,phosphataseRegion
341,29,0.9800443433171928,phosphataseRegion
342,29,0.9750354681582232,phosphataseRegion
343,29,0.7410462949158131,phosphataseRegion
344,29,0.4502163037046729,phosphataseRegion
345,29,0.841368879373928,phosphataseRegion
346,29,0.861129727846938,phosphataseRegion
347,29,0.3905586134709189,phosphataseRegion
348,29,0.8403946442670849,phosphataseRegion
349,30,0.6951514713990021,phosphataseRegion
350,30,0.5294258267967971,phosphataseRegion
351,30,0.7927212843489909,phosphataseRegion
352,30,0.86635706466546,phosphataseRegion
353,30,0.494959260834684,phosphataseRegion
354,30,0.814705086018216,phosphataseRegion
355,30,1.04170423246769,phosphataseRegion
356,30,0.205142805565585,phosphataseRegion
357,30,0.911266876724201,phosphataseRegion
358,30,0.3159476950399489,phosphataseRegion
359,30,0.4364000065747899,phosphataseRegion
360,30,0.8547187526114659,phosphataseRegion
361,30,0.811433910465838,phosphataseRegion
362,30,0.515693369851473,phosphataseRegion
363,30,0.51579984390907,phosphataseRegion
364,30,0.7151539642668471,phosphataseRegion
365,30,0.306205999218019,phosphataseRegion
366,30,0.482717434755324,phosphataseRegion
367,30,0.545779530579021,phosphataseRegion
368,31,0.312024050030419,phosphataseRegion
369,31,0.621920700514229,phosphataseRegion
370,31,0.262646186425402,phosphataseRegion
371,31,0.5250543156665589,phosphataseRegion
372,31,0.326835413795987,phosphataseRegion
373,31,0.588536315738235,phosphataseRegion
374,31,0.69428868495458,phosphataseRegion
375,31,0.724761785841912,phosphataseRegion
376,31,0.312116313567024,phosphataseRegion
377,31,0.250658190873891,phosphataseRegion
378,31,0.831986849424687,phosphataseRegion
379,31,0.914867640988046,phosphataseRegion
380,31,0.68472207654788,phosphataseRegion
381,31,0.638599460501703,phosphataseRegion
382,31,0.200728100127828,phosphataseRegion
383,31,0.2811811747789929,phosphataseRegion
384,31,0.4389139405509349,phosphataseRegion
385,35,0.522027197740106,phosphataseRegion
386,35,0.421976036949061,phosphataseRegion
387,35,1.10980210855726,phosphataseRegion
388,35,0.375145595583502,phosphataseRegion
389,35,0.533922595389126,phosphataseRegion
390,35,0.9945011059880008,phosphataseRegion
391,35,0.356400875207199,phosphataseRegion
392,35,0.884312033427592,phosphataseRegion
393,35,0.372339117150519,phosphataseRegion
394,35,0.376256704900798,phosphataseRegion
395,35,0.343871147334104,phosphataseRegion
396,35,0.610035334197037,phosphataseRegion
397,35,0.601580782987179,phosphataseRegion
398,35,1.06120850439345,phosphataseRegion
399,35,0.72093274906027,phosphataseRegion
400,36,0.7449907960248241,phosphataseRegion
401,36,0.8150749536172521,phosphataseRegion
402,36,0.966427058291766,phosphataseRegion
403,36,0.8609599684244059,phosphataseRegion
404,36,0.8003637465471322,phosphataseRegion
405,36,0.67815451122501,phosphataseRegion
406,36,0.525434068352019,phosphataseRegion
407,36,0.6752813324400021,phosphataseRegion
408,36,0.670366063895785,phosphataseRegion
409,36,0.8718286655621851,phosphataseRegion
410,36,0.9745694655215892,phosphataseRegion
411,36,0.560917990472215,phosphataseRegion
412,36,0.756337236948117,phosphataseRegion
413,37,0.999407466033995,phosphataseRegion
414,37,1.08066497885685,phosphataseRegion
415,37,0.9145382168406592,phosphataseRegion
416,37,0.7774729482747931,phosphataseRegion
417,37,0.8535708011295869,phosphataseRegion
418,37,0.877439622234752,phosphataseRegion
419,37,0.575624600243423,phosphataseRegion
420,37,1.1951303364328,phosphataseRegion
421,37,0.9803641433880472,phosphataseRegion
422,37,1.16305428446803,phosphataseRegion
423,37,0.763770340776027,phosphataseRegion
424,37,0.78676686229995,phosphataseRegion
425,37,0.841096374865119,phosphataseRegion
426,37,0.581470558033593,phosphataseRegion
427,37,0.751255198634222,phosphataseRegion
428,38,0.871090202682648,phosphataseRegion
429,38,0.832771498600659,phosphataseRegion
430,38,0.6907232373229579,phosphataseRegion
431,38,0.779743401753261,phosphataseRegion
432,38,0.7802943462141959,phosphataseRegion
433,38,0.620797543368032,phosphataseRegion
434,38,0.68473266990327,phosphataseRegion
435,38,0.96271311969749,phosphataseRegion
436,38,0.627175442185471,phosphataseRegion
437,38,0.7133440668791372,phosphataseRegion
438,38,0.8615850821620259,phosphataseRegion
439,38,1.13611952068973,phosphataseRegion
440,38,0.886312499227035,phosphataseRegion
441,38,0.79618040024161,phosphataseRegion
442,38,0.912021542565524,phosphataseRegion
443,39,1.0766618793228,phosphataseRegion
444,39,0.89624189292703,phosphataseRegion
445,39,1.01573299455786,phosphataseRegion
446,39,1.00501395623524,phosphataseRegion
447,39,0.522748270876499,phosphataseRegion
448,39,0.818996305058285,phosphataseRegion
449,39,0.68327531602677,phosphataseRegion
450,39,0.696042182917223,phosphataseRegion
451,39,0.7025069855048659,phosphataseRegion
452,39,0.973750031845178,phosphataseRegion
453,39,0.719033177936859,phosphataseRegion
454,40,1.28508784762064,phosphataseRegion
455,40,0.7560059199951179,phosphataseRegion
456,40,0.65838268305463,phosphataseRegion
457,40,0.8062586566631059,phosphataseRegion
458,40,1.01217333374671,phosphataseRegion
459,40,0.745650612783614,phosphataseRegion
460,40,0.957156331697658,phosphataseRegion
461,40,0.564691372503094,phosphataseRegion
462,40,0.5517221952515661,phosphataseRegion
463,40,1.15874510519402,phosphataseRegion
464,40,0.8614527782859671,phosphataseRegion
465,40,0.4842610449501789,phosphataseRegion
466,40,0.887517226329769,phosphataseRegion
467,43,1.02127546020493,phosphataseRegion
468,43,0.8449530037364499,phosphataseRegion
469,43,1.0261438059614498,phosphataseRegion
470,43,1.00279081152315,phosphataseRegion
471,43,0.8333150642515709,phosphataseRegion
472,43,0.683483374230354,phosphataseRegion
473,43,0.719964318449174,phosphataseRegion
474,43,0.8087523243951941,phosphataseRegion
475,43,1.08331451952529,phosphataseRegion
476,43,1.0340196886605602,phosphataseRegion
477,43,0.802860686598145,phosphataseRegion
478,43,0.923544945637486,phosphataseRegion
479,43,0.532250079024034,phosphataseRegion
480,43,1.01340582060526,phosphataseRegion
481,44,0.673005256577797,phosphataseRegion
482,44,0.7992322977035551,phosphataseRegion
483,44,0.84941853267091,phosphataseRegion
484,44,1.09323189300111,phosphataseRegion
485,44,0.561498907008497,phosphataseRegion
486,44,0.8577843897123721,phosphataseRegion
487,44,0.762190555460989,phosphataseRegion
488,44,0.6442463138883001,phosphataseRegion
489,44,0.929917709414571,phosphataseRegion
490,44,0.788325553995913,phosphataseRegion
491,44,0.7928005311015709,phosphataseRegion
492,44,0.658400809501968,phosphataseRegion
493,44,0.862501610506006,phosphataseRegion
494,45,0.967862143758249,phosphataseRegion
495,45,1.02091633155395,phosphataseRegion
496,45,1.11968260683722,phosphataseRegion
497,45,0.472712794466682,phosphataseRegion
498,45,0.846504053725814,phosphataseRegion
499,45,1.00923566591622,phosphataseRegion
500,45,0.6791217189259251,phosphataseRegion
501,45,1.0727166659802,phosphataseRegion
502,45,0.7269060879792242,phosphataseRegion
503,45,0.947967785194889,phosphataseRegion
504,45,1.08069987759431,phosphataseRegion
505,45,1.09023893910699,phosphataseRegion
506,45,1.1226992659903798,phosphataseRegion
507,45,1.02525475603592,phosphataseRegion
508,45,1.09126357526517,phosphataseRegion
509,45,0.942123439331953,phosphataseRegion
510,45,0.684323718464399,phosphataseRegion
511,45,1.08440257390692,phosphataseRegion
512,46,0.8910181204779029,phosphataseRegion
513,46,0.747525180926861,phosphataseRegion
514,46,0.9572453697935408,phosphataseRegion
515,46,1.04914205843775,phosphataseRegion
516,46,0.8698785481855992,phosphataseRegion
517,46,1.1165401656358502,phosphataseRegion
518,46,1.10031215431775,phosphataseRegion
519,46,1.03253622354271,phosphataseRegion
520,46,0.7066027348393249,phosphataseRegion
521,46,0.861421347892381,phosphataseRegion
522,46,0.928035863997111,phosphataseRegion
523,46,0.971403925009563,phosphataseRegion
524,46,1.06099766014445,phosphataseRegion
525,46,0.932644242260109,phosphataseRegion
526,46,0.448620007200031,phosphataseRegion
527,47,1.0517452658050102,phosphataseRegion
528,47,1.01486690836649,phosphataseRegion
529,47,1.1739030262234198,phosphataseRegion
530,47,0.99979299758188,phosphataseRegion
531,47,1.02568969957949,phosphataseRegion
532,47,0.8909439980394329,phosphataseRegion
533,47,0.943560969100164,phosphataseRegion
534,47,1.1715123695156398,phosphataseRegion
535,47,0.765464266924999,phosphataseRegion
536,47,1.10759112844799,phosphataseRegion
537,47,1.14853450793609,phosphataseRegion
538,47,1.08762436221587,phosphataseRegion
539,47,0.851923074843055,phosphataseRegion
540,47,0.820369113659943,phosphataseRegion
541,48,0.8326354580253158,phosphataseRegion
542,48,1.1520669005565,phosphataseRegion
543,48,0.533961125870725,phosphataseRegion
544,48,0.872943920158581,phosphataseRegion
545,48,0.829649605481482,phosphataseRegion
546,48,0.8774050001994049,phosphataseRegion
547,49,1.09017589497961,phosphataseRegion
548,49,1.0771253495655602,phosphataseRegion
549,49,0.845769191727302,phosphataseRegion
550,49,0.901826931580928,phosphataseRegion
551,49,0.896797170109254,phosphataseRegion
552,49,1.08923198860842,phosphataseRegion
553,49,0.735215972826595,phosphataseRegion
554,49,0.9755548207332472,phosphataseRegion
555,49,0.8946370709750259,phosphataseRegion
556,49,0.9395539567491842,phosphataseRegion
557,49,0.7097254482596719,phosphataseRegion
558,49,0.9772015505399642,phosphataseRegion
559,49,1.1064193312331498,phosphataseRegion
560,49,0.95310683485547,phosphataseRegion
561,49,0.777485354517357,phosphataseRegion
562,49,0.7451371555390991,phosphataseRegion
563,49,0.922943826151906,phosphataseRegion
564,49,1.00547927597552,phosphataseRegion
565,50,0.8174049643590491,phosphataseRegion
566,50,0.7628743078617041,phosphataseRegion
567,50,1.00501009196521,phosphataseRegion
568,50,0.523674601017301,phosphataseRegion
569,50,0.4668821481835661,phosphataseRegion
570,50,0.998626170714493,phosphataseRegion
571,50,0.7094469304070079,phosphataseRegion
572,50,0.471793720467114,phosphataseRegion
573,50,0.735185922555108,phosphataseRegion
574,50,0.7995743456918859,phosphataseRegion
575,50,0.560091634086098,phosphataseRegion
576,50,0.638956305473126,phosphataseRegion
577,50,0.799283873770529,phosphataseRegion
578,50,0.9045712490755492,phosphataseRegion
579,51,0.729957391392477,phosphataseRegion
580,51,0.8558822946401758,phosphataseRegion
581,51,0.738742707395037,phosphataseRegion
582,51,0.79954168699175,phosphataseRegion
583,51,0.749486885421274,phosphataseRegion
584,51,0.373124975260926,phosphataseRegion
585,51,0.514955697093689,phosphataseRegion
586,51,0.542015792777764,phosphataseRegion
587,51,0.7698217565768499,phosphataseRegion
588,51,0.6801157958515159,phosphataseRegion
589,51,0.627300963636497,phosphataseRegion
590,51,0.660286717919401,phosphataseRegion
591,52,0.742081471209763,phosphataseRegion
592,52,1.09481461290921,phosphataseRegion
593,52,0.6140962193385401,phosphataseRegion
594,52,0.625711085537479,phosphataseRegion
595,52,0.880945118506032,phosphataseRegion
596,52,0.583960322374013,phosphataseRegion
597,52,0.750431479968184,phosphataseRegion
598,52,0.688676766976504,phosphataseRegion
599,52,0.840580100132712,phosphataseRegion
600,52,0.6391158162297249,phosphataseRegion
601,52,1.0369442452708602,phosphataseRegion
602,52,0.902392601249447,phosphataseRegion
603,52,0.8878559141817071,phosphataseRegion
604,52,0.621802413719317,phosphataseRegion
605,52,0.701199058439121,phosphataseRegion
606,53,0.951014388699258,phosphataseRegion
607,53,0.50264766355238,phosphataseRegion
608,53,0.346693185964214,phosphataseRegion
609,53,0.36718974285112,phosphataseRegion
610,53,0.7540084838907379,phosphataseRegion
611,53,0.370853141512034,phosphataseRegion
612,53,0.39818958153837,phosphataseRegion
613,53,0.797497417695902,phosphataseRegion
614,53,0.206087110566003,phosphataseRegion
615,53,0.992073585579692,phosphataseRegion
616,53,1.05524446935268,phosphataseRegion
617,53,0.355228757518183,phosphataseRegion
618,53,0.231920987831849,phosphataseRegion
619,53,0.568662681297447,phosphataseRegion
620,53,0.198448050785611,phosphataseRegion
621,53,0.469903424082519,phosphataseRegion
622,53,0.688259555116681,phosphataseRegion
623,54,0.837466980506919,phosphataseRegion
624,54,0.9849879282573628,phosphataseRegion
625,54,0.353537416157964,phosphataseRegion
626,54,0.6715677931034909,phosphataseRegion
627,54,0.747558725639434,phosphataseRegion
628,54,0.6339718573476899,phosphataseRegion
629,54,0.8125667707839441,phosphataseRegion
630,54,0.98331242604272,phosphataseRegion
631,54,1.00288552835074,phosphataseRegion
632,54,0.940065117237039,phosphataseRegion
633,54,0.7672077805697339,phosphataseRegion
634,54,0.567484472187057,phosphataseRegion
635,54,0.5330338866824579,phosphataseRegion
636,54,0.8409131770260381,phosphataseRegion
637,54,0.6430375648414319,phosphataseRegion
638,54,0.8118179204034859,phosphataseRegion
639,54,0.4991753842987801,phosphataseRegion
640,54,0.5561966459633929,phosphataseRegion
641,54,0.6337675072178349,phosphataseRegion
642,55,0.932598120233808,phosphataseRegion
643,55,0.9236992163219,phosphataseRegion
644,55,0.1751985146018869,phosphataseRegion
645,55,0.779239240093485,phosphataseRegion
646,55,0.896960662201869,phosphataseRegion
647,55,0.269514288306709,phosphataseRegion
648,55,0.863712811462477,phosphataseRegion
649,55,0.568262237416401,phosphataseRegion
650,55,0.660005490686043,phosphataseRegion
651,55,0.386964643700489,phosphataseRegion
652,55,0.7907746376200899,phosphataseRegion
653,55,0.871990701486938,phosphataseRegion
654,55,0.8566257466259509,phosphataseRegion
655,55,0.378581898794198,phosphataseRegion
656,55,0.261286021411642,phosphataseRegion
657,55,0.486127254413011,phosphataseRegion
658,56,0.7279674931855892,phosphataseRegion
659,56,0.532925127708923,phosphataseRegion
660,56,0.2557221539316969,phosphataseRegion
661,56,1.00318888973507,phosphataseRegion
662,56,0.247631566979093,phosphataseRegion
663,56,0.550791887450069,phosphataseRegion
664,56,0.510325544941134,phosphataseRegion
665,56,0.8144334880371809,phosphataseRegion
666,56,0.666811234978715,phosphataseRegion
667,56,0.451649531966239,phosphataseRegion
668,56,0.242971289802846,phosphataseRegion
669,56,0.388319361494743,phosphataseRegion
670,56,0.338433545635924,phosphataseRegion
671,56,0.61434594528958,phosphataseRegion
672,56,0.604322166920055,phosphataseRegion
673,56,0.992851269202128,phosphataseRegion
674,57,0.190783106320341,phosphataseRegion
675,57,0.368016297054055,phosphataseRegion
676,57,0.195574611703541,phosphataseRegion
677,57,0.193016685314195,phosphataseRegion
678,57,0.328029717997744,phosphataseRegion
679,57,0.178881768652197,phosphataseRegion
680,57,0.8181174262835541,phosphataseRegion
681,57,0.195549749765955,phosphataseRegion
682,57,0.276809990483964,phosphataseRegion
683,57,0.3711694184809729,phosphataseRegion
684,57,0.213797439996791,phosphataseRegion
685,57,0.239096771141433,phosphataseRegion
686,57,0.6073228643615319,phosphataseRegion
687,57,0.310628146568529,phosphataseRegion
688,57,0.1732953450547259,phosphataseRegion
689,58,0.5786519799640799,phosphataseRegion
690,58,0.482495866037803,phosphataseRegion
691,58,0.997160121529623,phosphataseRegion
692,58,0.575717098482727,phosphataseRegion
693,58,0.7349199211497629,phosphataseRegion
694,58,0.230266000450678,phosphataseRegion
695,58,0.517332181672094,phosphataseRegion
696,58,0.459695187601921,phosphataseRegion
697,58,0.4494604360001041,phosphataseRegion
698,58,0.852985110677207,phosphataseRegion
699,58,0.554198667326702,phosphataseRegion
700,58,0.3280641047379929,phosphataseRegion
701,58,0.307019034273458,phosphataseRegion
702,58,0.5373442686323899,phosphataseRegion
703,59,0.7164709498945041,phosphataseRegion
704,59,0.5398559353360121,phosphataseRegion
705,59,0.963486550108858,phosphataseRegion
706,59,0.9977303929509972,phosphataseRegion
707,59,0.915779905823813,phosphataseRegion
708,59,0.7490682408790359,phosphataseRegion
709,59,0.8259401028789691,phosphataseRegion
710,59,0.828132865757633,phosphataseRegion
711,59,0.9663955530576592,phosphataseRegion
712,59,1.02002876652595,phosphataseRegion
713,59,0.216865877848976,phosphataseRegion
714,59,0.9954985767431028,phosphataseRegion
715,59,0.9028020468475408,phosphataseRegion
716,59,1.01280361392165,phosphataseRegion
717,59,0.750296934110938,phosphataseRegion
718,59,1.04798095193341,phosphataseRegion
719,60,0.659104271063877,phosphataseRegion
720,60,0.585319806441437,phosphataseRegion
721,60,0.717377300747363,phosphataseRegion
722,60,0.3680948688402271,phosphataseRegion
723,60,0.594237437770803,phosphataseRegion
724,60,0.4947414202825871,phosphataseRegion
725,60,0.6570907712273449,phosphataseRegion
726,60,0.539836000276453,phosphataseRegion
727,60,1.06765187334931,phosphataseRegion
728,60,0.704105723351398,phosphataseRegion
729,60,0.684313944581225,phosphataseRegion
730,60,0.5928606026407671,phosphataseRegion
731,60,1.21428372107204,phosphataseRegion
732,61,0.3795720894569689,phosphataseRegion
733,61,0.5340343826444339,phosphataseRegion
734,61,0.234913538998994,phosphataseRegion
735,61,0.361335148320685,phosphataseRegion
736,61,0.934803029296037,phosphataseRegion
737,61,0.3501221435388449,phosphataseRegion
738,61,0.606646811456824,phosphataseRegion
739,61,0.135623261992128,phosphataseRegion
740,61,0.654594345166546,phosphataseRegion
741,61,0.5064490195995329,phosphataseRegion
742,61,0.2840732747472709,phosphataseRegion
743,61,0.424473844148485,phosphataseRegion
744,61,0.3140349431848889,phosphataseRegion
745,61,0.191643755363924,phosphataseRegion
746,61,0.3310223802733581,phosphataseRegion
747,61,0.346843271956164,phosphataseRegion
748,61,0.4153372824675471,phosphataseRegion
749,61,0.533423408498423,phosphataseRegion
750,61,0.799641188395671,phosphataseRegion
751,62,0.824727457976479,phosphataseRegion
752,62,0.6862021040007271,phosphataseRegion
753,62,0.726772920803397,phosphataseRegion
754,62,1.01618781590768,phosphataseRegion
755,62,1.06824276933902,phosphataseRegion
756,62,0.967625416053046,phosphataseRegion
757,62,0.792470078801592,phosphataseRegion
758,62,0.8966360592531469,phosphataseRegion
759,62,0.873314915646007,phosphataseRegion
760,62,0.8361331187564459,phosphataseRegion
761,62,0.8716287173074341,phosphataseRegion
762,62,0.8917443521914542,phosphataseRegion
763,62,0.909640872584478,phosphataseRegion
764,62,0.717651838705001,phosphataseRegion
765,62,0.664143043032682,phosphataseRegion
766,62,0.626122217534878,phosphataseRegion
767,62,0.977297179154475,phosphataseRegion
768,63,0.8853684427879709,phosphataseRegion
769,63,0.886640771312899,phosphataseRegion
770,63,0.85815141668301,phosphataseRegion
771,63,0.682068800841588,phosphataseRegion
772,63,0.596241998556566,phosphataseRegion
773,63,0.7409370811390771,phosphataseRegion
774,63,0.5077851353402629,phosphataseRegion
775,63,0.750075743915782,phosphataseRegion
776,63,0.619065623090948,phosphataseRegion
777,63,1.32262796455206,phosphataseRegion
778,63,0.6343647907467789,phosphataseRegion
779,63,0.388670826433718,phosphataseRegion
780,63,0.539060220900206,phosphataseRegion
781,64,0.8995182246317379,phosphataseRegion
782,64,0.780938620034114,phosphataseRegion
783,64,0.8988708323076608,phosphataseRegion
784,64,0.855557198322475,phosphataseRegion
785,64,0.690330768764498,phosphataseRegion
786,64,0.796733037549324,phosphataseRegion
787,64,0.447963788836848,phosphataseRegion
788,64,0.7961125982230541,phosphataseRegion
789,64,0.23277005980004,phosphataseRegion
790,64,0.800624358529984,phosphataseRegion
791,64,0.930133751968355,phosphataseRegion
792,64,0.90626358225332,phosphataseRegion
793,64,0.8919099846530458,phosphataseRegion
794,64,0.8188514322146,phosphataseRegion
795,64,0.625093329362714,phosphataseRegion
796,65,0.543789290988961,phosphataseRegion
797,65,0.8189206643866199,phosphataseRegion
798,65,0.2483952367247869,phosphataseRegion
799,65,0.648680753111205,phosphataseRegion
800,65,0.221039234805451,phosphataseRegion
801,65,0.565778114803962,phosphataseRegion
802,65,0.724610627412328,phosphataseRegion
803,65,0.0752019526279617,phosphataseRegion
804,65,0.6103995925789539,phosphataseRegion
805,65,0.624354778420474,phosphataseRegion
806,65,0.221041733922451,phosphataseRegion
807,65,0.175113017052149,phosphataseRegion
808,65,0.262513795499101,phosphataseRegion
809,65,0.5645334083469821,phosphataseRegion
810,65,0.7232450652477191,phosphataseRegion
811,65,1.02931237019838,phosphataseRegion
812,66,0.705488596329158,phosphataseRegion
813,66,0.254668711748758,phosphataseRegion
814,66,0.34345601386676,phosphataseRegion
815,66,0.229684218069682,phosphataseRegion
816,66,0.274816899390549,phosphataseRegion
817,66,0.497843306488604,phosphataseRegion
818,66,0.303477118280846,phosphataseRegion
819,66,0.7174012340404721,phosphataseRegion
820,66,0.127679333119795,phosphataseRegion
821,66,0.145942147491854,phosphataseRegion
822,66,0.588499430316894,phosphataseRegion
823,66,0.7556258063861171,phosphataseRegion
824,66,0.439983257239818,phosphataseRegion
825,66,0.611761990934461,phosphataseRegion
826,66,0.5986385837292779,phosphataseRegion
827,66,0.4752037331932961,phosphataseRegion
828,67,0.205832390120694,phosphataseRegion
829,67,0.506289420537118,phosphataseRegion
830,67,0.212329359964604,phosphataseRegion
831,67,0.31100195140485,phosphataseRegion
832,67,0.181295838640825,phosphataseRegion
833,67,0.296679035814013,phosphataseRegion
834,67,0.272300803355096,phosphataseRegion
835,67,0.7511558812405319,phosphataseRegion
836,67,0.5056951918183521,phosphataseRegion
837,67,0.117791044822335,phosphataseRegion
838,67,0.3827893611935139,phosphataseRegion
839,67,0.0794922019947107,phosphataseRegion
840,67,0.219541790464059,phosphataseRegion
841,67,0.2988709314145539,phosphataseRegion
842,67,0.228353849380359,phosphataseRegion
843,67,0.781417896590732,phosphataseRegion
844,67,0.384040043068352,phosphataseRegion
845,67,0.326527084231601,phosphataseRegion
846,68,0.06951562339011,phosphataseRegion
847,68,0.246852117535303,phosphataseRegion
848,68,1.07905689514814,phosphataseRegion
849,68,0.218393738270792,phosphataseRegion
850,68,0.360719381995918,phosphataseRegion
851,68,0.207062977864806,phosphataseRegion
852,68,0.178098496742832,phosphataseRegion
853,68,0.230106952333542,phosphataseRegion
854,68,0.107193178374888,phosphataseRegion
855,68,0.102007728740357,phosphataseRegion
856,68,0.245018415747068,phosphataseRegion
857,68,0.200530883629864,phosphataseRegion
858,68,0.219539581505228,phosphataseRegion
859,68,0.159831918203441,phosphataseRegion
860,68,0.251945617974147,phosphataseRegion
861,68,0.714731057175096,phosphataseRegion
862,69,0.731309977010192,phosphataseRegion
863,69,1.03077409646512,phosphataseRegion
864,69,0.8629322386191641,phosphataseRegion
865,69,0.408556086437003,phosphataseRegion
866,69,0.278101800261876,phosphataseRegion
867,69,0.8711698074638822,phosphataseRegion
868,69,0.943194103054702,phosphataseRegion
869,69,0.151820171998374,phosphataseRegion
870,69,0.290662478717157,phosphataseRegion
871,69,0.952882455611292,phosphataseRegion
872,69,0.7944619160545721,phosphataseRegion
873,69,0.8576232399794449,phosphataseRegion
874,69,0.840788823806946,phosphataseRegion
875,69,0.510685867091541,phosphataseRegion
876,72,0.6628994407772011,phosphataseRegion
877,72,0.767448347034691,phosphataseRegion
878,72,0.653062602390967,phosphataseRegion
879,72,0.9322281083102292,phosphataseRegion
880,72,0.9052050424600768,phosphataseRegion
881,72,0.8230020022460981,phosphataseRegion
882,72,0.851082399921024,phosphataseRegion
883,72,0.772515173937322,phosphataseRegion
884,72,0.6270534349666479,phosphataseRegion
885,72,0.8377975691553108,phosphataseRegion
886,72,0.8766476440923839,phosphataseRegion
887,72,0.7746686478203471,phosphataseRegion
888,72,0.65962471433178,phosphataseRegion
889,72,0.8541643810754351,phosphataseRegion
890,72,0.7744702652407859,phosphataseRegion
891,72,1.0364908879939,phosphataseRegion
892,72,0.7958653620085681,phosphataseRegion
893,72,0.5077769276101161,phosphataseRegion
894,72,0.271274482238869,phosphataseRegion
895,73,0.62728781392729,phosphataseRegion
896,73,0.618315686986645,phosphataseRegion
897,73,0.956420692071539,phosphataseRegion
898,73,0.6033735238404611,phosphataseRegion
899,73,0.827452574838125,phosphataseRegion
900,73,0.6415472239235059,phosphataseRegion
901,73,0.704172959515405,phosphataseRegion
902,73,0.7704201758968471,phosphataseRegion
903,73,0.462357321151058,phosphataseRegion
904,73,0.723695951943314,phosphataseRegion
905,73,0.495279588250751,phosphataseRegion
906,73,0.679381029134015,phosphataseRegion
907,73,0.5739774787872789,phosphataseRegion
908,73,0.514915899885116,phosphataseRegion
909,73,0.6963577391870661,phosphataseRegion
910,73,0.655124737092992,phosphataseRegion
911,73,0.584041802959562,phosphataseRegion
912,74,0.855027325935757,phosphataseRegion
913,74,0.886305799127703,phosphataseRegion
914,74,1.1859124833428,phosphataseRegion
915,74,0.889008686630251,phosphataseRegion
916,74,1.05168266862646,phosphataseRegion
917,74,1.25013708799303,phosphataseRegion
918,74,0.6571447756470711,phosphataseRegion
919,74,1.1581269234445302,phosphataseRegion
920,74,1.05939478126819,phosphataseRegion
921,74,0.8687414853911399,phosphataseRegion
922,74,1.03681904855797,phosphataseRegion
923,75,0.863775577437188,phosphataseRegion
924,75,1.04565484349853,phosphataseRegion
925,75,1.10165020129634,phosphataseRegion
926,75,0.963100916795141,phosphataseRegion
927,75,1.06625835617534,phosphataseRegion
928,75,0.9015716605865172,phosphataseRegion
929,75,0.9405086809237108,phosphataseRegion
930,75,1.1008360961721295,phosphataseRegion
931,75,0.9866002132054228,phosphataseRegion
932,75,1.0023068552835,phosphataseRegion
933,75,1.02988622549826,phosphataseRegion
934,75,1.08421894619509,phosphataseRegion
935,75,0.75298418059899,phosphataseRegion
936,76,0.7996799240303729,phosphataseRegion
937,76,0.9383502218046228,phosphataseRegion
938,76,0.848791723090902,phosphataseRegion
939,76,0.6069379941770121,phosphataseRegion
940,76,0.8926604025429159,phosphataseRegion
941,76,0.679611701310015,phosphataseRegion
942,76,0.929350288440732,phosphataseRegion
943,76,0.832973393422658,phosphataseRegion
944,76,0.957226813703494,phosphataseRegion
945,76,0.7692149334986559,phosphataseRegion
946,76,0.665003941627846,phosphataseRegion
947,76,0.626291307147958,phosphataseRegion
948,76,0.561350013677916,phosphataseRegion
949,76,0.611827177900484,phosphataseRegion
950,76,0.825326416417641,phosphataseRegion
951,76,0.938460683687622,phosphataseRegion
952,76,0.9208985051114152,phosphataseRegion
953,77,0.7446454143924292,phosphataseRegion
954,77,0.6593879701045451,phosphataseRegion
955,77,0.796086116733744,phosphataseRegion
956,77,0.611606990450275,phosphataseRegion
957,77,0.634027256323441,phosphataseRegion
958,77,0.720191914912936,phosphataseRegion
959,77,0.688589021921661,phosphataseRegion
960,77,0.672073166947379,phosphataseRegion
961,77,0.761938898741481,phosphataseRegion
962,77,0.8588941433327221,phosphataseRegion
963,77,0.6226463217315911,phosphataseRegion
964,77,0.540056667954685,phosphataseRegion
965,77,0.6915685278686949,phosphataseRegion
966,77,0.772188583258258,phosphataseRegion
967,77,0.650028648150464,phosphataseRegion
968,77,0.626643860688175,phosphataseRegion
969,77,0.154944973852544,phosphataseRegion
970,78,0.9532610327826128,phosphataseRegion
971,78,1.22093707628123,phosphataseRegion
972,78,0.791182884698042,phosphataseRegion
973,78,1.0337942996181702,phosphataseRegion
974,78,1.2169377026193402,phosphataseRegion
975,78,0.976579828954294,phosphataseRegion
976,79,0.784347318428524,phosphataseRegion
977,79,1.00498969523696,phosphataseRegion
978,79,0.951333113746269,phosphataseRegion
979,79,0.715810939616747,phosphataseRegion
980,79,1.0358789020651702,phosphataseRegion
981,79,1.15336838151358,phosphataseRegion
982,79,0.6967744568418421,phosphataseRegion
983,79,0.8921009131556029,phosphataseRegion
984,79,0.8661255824572851,phosphataseRegion
985,79,1.10721915342784,phosphataseRegion
986,79,0.8267132651246341,phosphataseRegion
987,79,0.936357019946737,phosphataseRegion
988,79,0.8368379968862191,phosphataseRegion
989,79,1.00043831517752,phosphataseRegion
990,79,0.998153851339622,phosphataseRegion
991,79,0.74625924654711,phosphataseRegion
992,79,0.923480554314771,phosphataseRegion
993,79,0.800211663919431,phosphataseRegion
994,80,0.8898023794105101,phosphataseRegion
995,80,0.78503593819179,phosphataseRegion
996,80,0.7900329980904741,phosphataseRegion
997,80,0.9095789793426592,phosphataseRegion
998,80,0.867072013374971,phosphataseRegion
999,80,0.718178918300193,phosphataseRegion
1000,80,0.5307325483040871,phosphataseRegion
1001,80,0.951518674878111,phosphataseRegion
1002,80,0.687158514927073,phosphataseRegion
1003,80,0.962781312657446,phosphataseRegion
1004,80,0.7388633423087579,phosphataseRegion
1005,80,0.83218166836289,phosphataseRegion
1006,80,0.966141153054572,phosphataseRegion
1007,80,0.895830439735087,phosphataseRegion
1008,80,0.791106853623533,phosphataseRegion
1009,80,1.0077226732173,phosphataseRegion
1010,80,0.77572386482086,phosphataseRegion
1011,80,0.93959377558602,phosphataseRegion
1012,81,0.725393649167545,phosphataseRegion
1013,81,0.412882015352154,phosphataseRegion
1014,81,0.6891363150633871,phosphataseRegion
1015,81,0.717751975493256,phosphataseRegion
1016,81,0.671659066548208,phosphataseRegion
1017,81,0.4358047958529041,phosphataseRegion
1018,81,0.960967093270934,phosphataseRegion
1019,81,0.97541247826351,phosphataseRegion
1020,81,0.554352832388078,phosphataseRegion
1021,81,0.7518284809980841,phosphataseRegion
1022,81,0.96267606945481,phosphataseRegion
1023,81,0.401460917795314,phosphataseRegion
1024,81,0.601443457254177,phosphataseRegion
1025,81,0.808960392222195,phosphataseRegion
1026,81,0.705558745341364,phosphataseRegion
1027,84,1.19071518078213,phosphataseRegion
1028,84,0.8440601859749108,phosphataseRegion
1029,84,1.1248317736277098,phosphataseRegion
1030,84,0.0337643026097392,phosphataseRegion
1031,84,1.21375648148957,phosphataseRegion
1032,84,0.82909812872959,phosphataseRegion
1033,85,0.548038334353039,phosphataseRegion
1034,85,0.9276591402178892,phosphataseRegion
1035,85,0.281859090162748,phosphataseRegion
1036,85,0.452343841671297,phosphataseRegion
1037,85,0.374349883170562,phosphataseRegion
1038,85,1.10220201883532,phosphataseRegion
1039,85,0.385988153454939,phosphataseRegion
1040,85,0.648471090834537,phosphataseRegion
1041,85,0.7003499195484921,phosphataseRegion
1042,85,0.5722775205971811,phosphataseRegion
1043,85,0.579070468516634,phosphataseRegion
1044,85,0.236401319782578,phosphataseRegion
1045,85,0.827288728451959,phosphataseRegion
1046,86,0.9384009627887672,phosphataseRegion
1047,86,0.9498084045028,phosphataseRegion
1048,86,0.451090774644765,phosphataseRegion
1049,86,0.863931792051681,phosphataseRegion
1050,86,0.627234626805937,phosphataseRegion
1051,86,0.805554533953803,phosphataseRegion
1052,87,0.771007279709588,phosphataseRegion
1053,87,0.778994295807412,phosphataseRegion
1054,87,0.9042568678542808,phosphataseRegion
1055,87,1.03404208161327,phosphataseRegion
1056,87,0.760043440356898,phosphataseRegion
1057,87,1.18498074289734,phosphataseRegion
1058,87,1.1016585133612902,phosphataseRegion
1059,87,1.2109949245308798,phosphataseRegion
1060,87,0.6986839825941011,phosphataseRegion
1061,87,0.9003787184169599,phosphataseRegion
1062,87,0.887436909904351,phosphataseRegion
1063,87,1.00880132253106,phosphataseRegion
1064,87,0.91261893195015,phosphataseRegion
1065,88,0.28050070340094,phosphataseRegion
1066,88,0.977982431439545,phosphataseRegion
1067,88,0.211957546694951,phosphataseRegion
1068,88,0.455610179920513,phosphataseRegion
1069,88,0.2944371609519149,phosphataseRegion
1070,88,0.194245333374088,phosphataseRegion
1071,88,0.121107929085904,phosphataseRegion
1072,88,0.363111860311474,phosphataseRegion
1073,89,0.9067327141997108,phosphataseRegion
1074,89,0.920290543595737,phosphataseRegion
1075,89,0.7781941232091971,phosphataseRegion
1076,89,0.733078903435148,phosphataseRegion
1077,89,0.889200026163917,phosphataseRegion
1078,89,1.04181089782372,phosphataseRegion
1079,89,0.5127278200158629,phosphataseRegion
1080,89,0.89119815920708,phosphataseRegion
1081,89,0.8167598663724391,phosphataseRegion
1082,89,0.8598700453981508,phosphataseRegion
1083,89,0.8034314246846759,phosphataseRegion
1084,89,0.835815422363613,phosphataseRegion
1085,89,0.8680364969206241,phosphataseRegion
1086,89,0.767543361339375,phosphataseRegion
1087,89,0.455914833757723,phosphataseRegion
1088,90,0.811603976378254,phosphataseRegion
1089,90,1.08530431080475,phosphataseRegion
1090,90,0.594301154918862,phosphataseRegion
1091,90,0.90446501110713,phosphataseRegion
1092,90,0.651007206834956,phosphataseRegion
1093,90,1.05397778087805,phosphataseRegion
1094,90,0.193023140500112,phosphataseRegion
1095,90,1.05101444689606,phosphataseRegion
1096,90,0.907202090765505,phosphataseRegion
1097,90,0.379119146479766,phosphataseRegion
1098,90,0.8320417869535699,phosphataseRegion
1099,90,0.268502782589751,phosphataseRegion
1100,90,1.00697877865304,phosphataseRegion
1101,90,0.96638399826933,phosphataseRegion
1102,90,0.675532636768049,phosphataseRegion
1103,90,0.56944207220511,phosphataseRegion
1104,91,0.926546533135416,phosphataseRegion
1105,91,0.340525531912428,phosphataseRegion
1106,91,0.8167553131433091,phosphataseRegion
1107,91,0.8443243865212691,phosphataseRegion
1108,91,1.1174443950042598,phosphataseRegion
1109,91,0.998900889078742,phosphataseRegion
1110,91,0.7294298714250401,phosphataseRegion
1111,91,0.9752815223325492,phosphataseRegion
1112,91,0.8623341202455129,phosphataseRegion
1113,91,0.709270284034213,phosphataseRegion
1114,91,1.11212070560808,phosphataseRegion
1115,91,0.803317311438538,phosphataseRegion
1116,91,0.697597772087328,phosphataseRegion
1117,91,1.04297517198033,phosphataseRegion
1118,91,0.682882558058245,phosphataseRegion
1119,91,0.768663158007578,phosphataseRegion
1120,91,0.9808453005489972,phosphataseRegion
1121,92,1.04452681930451,phosphataseRegion
1122,92,0.820916678513636,phosphataseRegion
1123,92,0.9819430075339828,phosphataseRegion
1124,92,0.6797540390882281,phosphataseRegion
1125,92,0.640134050768005,phosphataseRegion
1126,92,0.999658654254048,phosphataseRegion
1127,92,0.470509928033672,phosphataseRegion
1128,92,0.932224533003858,phosphataseRegion
1129,92,1.05306879336959,phosphataseRegion
1130,92,1.05252782851376,phosphataseRegion
1131,92,1.081705358721,phosphataseRegion
1132,92,0.867702336533336,phosphataseRegion
1133,92,0.896673232982054,phosphataseRegion
1134,92,0.7519593526294659,phosphataseRegion
1135,92,0.64090200513675,phosphataseRegion
1136,93,0.871823996807345,phosphataseRegion
1137,93,0.955873893602088,phosphataseRegion
1138,93,0.8384288401395451,phosphataseRegion
1139,93,1.21846097755631,phosphataseRegion
1140,93,1.0421275174436402,phosphataseRegion
1141,93,1.05827257915228,phosphataseRegion
1142,93,0.828970168852373,phosphataseRegion
1143,93,0.8898996418386659,phosphataseRegion
1144,93,0.816582533433714,phosphataseRegion
1145,93,0.908694282017087,phosphataseRegion
1146,93,0.507832536554919,phosphataseRegion
1147,93,0.784530600041188,phosphataseRegion
1148,94,1.08329019906648,phosphataseRegion
1149,94,0.8404361101761361,phosphataseRegion
1150,94,0.6988700630660141,phosphataseRegion
1151,94,0.6876645665504101,phosphataseRegion
1152,94,0.9212316783855732,phosphataseRegion
1153,94,0.8700353093043349,phosphataseRegion
1154,94,1.0481056493541998,phosphataseRegion
1155,94,0.3097466598544089,phosphataseRegion
1156,94,0.906444868416454,phosphataseRegion
1157,94,0.8739685199035441,phosphataseRegion
1158,94,0.999681887975861,phosphataseRegion
1159,94,0.913412243643988,phosphataseRegion
1160,94,1.01598432716606,phosphataseRegion
1161,94,0.906774185691233,phosphataseRegion
1162,95,0.618920578065124,phosphataseRegion
1163,95,0.635511407539907,phosphataseRegion
1164,95,0.2923781997771469,phosphataseRegion
1165,95,0.3712836899839949,phosphataseRegion
1166,95,0.4221666531781629,phosphataseRegion
1167,95,0.507344954423279,phosphataseRegion
1168,95,0.310153164780896,phosphataseRegion
1169,95,0.514898171290292,phosphataseRegion
1170,95,0.4204460647154191,phosphataseRegion
1171,95,0.497207876839915,phosphataseRegion
1172,95,0.5340209521020179,phosphataseRegion
1173,95,0.22797550022726,phosphataseRegion
1174,95,0.683032370336221,phosphataseRegion
1175,95,0.405463632421508,phosphataseRegion
1176,98,0.175951772658162,phosphataseRegion
1177,98,0.166482549478484,phosphataseRegion
1178,98,0.138374053908411,phosphataseRegion
1179,98,0.653365063915037,phosphataseRegion
1180,98,0.0163249839117523,phosphataseRegion
1181,98,0.508049774490783,phosphataseRegion
1182,98,0.210472803643321,phosphataseRegion
1183,98,0.6844674962302031,phosphataseRegion
1184,98,0.3697838247655009,phosphataseRegion
1185,103,0.7312099020396251,phosphataseRegion
1186,103,0.4767549525872379,phosphataseRegion
1187,103,0.9218225730624828,phosphataseRegion
1188,103,0.638751662613906,phosphataseRegion
1189,103,0.847424420808465,phosphataseRegion
1190,103,0.683752900776068,phosphataseRegion
1191,104,0.37750254671261,phosphataseRegion
1192,104,0.524930721719452,phosphataseRegion
1193,104,0.184034913801665,phosphataseRegion
1194,104,0.182214570730232,phosphataseRegion
1195,104,0.182751289636521,phosphataseRegion
1196,104,0.38606234691575,phosphataseRegion
1197,104,0.0458387187329455,phosphataseRegion
1198,104,0.262087372215374,phosphataseRegion
1199,104,0.101541952390692,phosphataseRegion
1200,104,0.338176263308374,phosphataseRegion
1201,104,0.30105802053192,phosphataseRegion
1202,104,0.239540411274567,phosphataseRegion
1203,104,0.33099407769285,phosphataseRegion
1204,104,0.8737826999779921,phosphataseRegion
1205,105,0.190625318665553,phosphataseRegion
1206,105,0.0867387093602206,phosphataseRegion
1207,105,0.246432436944624,phosphataseRegion
1208,105,0.297951167291114,phosphataseRegion
1209,105,0.159924237309272,phosphataseRegion
1210,105,0.1069348378081859,phosphataseRegion
1211,105,0.102351191791716,phosphataseRegion
1212,105,0.2797390624117619,phosphataseRegion
1213,105,1.08993402720699,phosphataseRegion
1214,105,0.146715646930919,phosphataseRegion
1215,106,0.5760712255841971,phosphataseRegion
1216,106,0.7953468501700041,phosphataseRegion
1217,106,0.600994570448247,phosphataseRegion
1218,106,0.414662940005603,phosphataseRegion
1219,106,0.781612064887018,phosphataseRegion
1220,106,0.80973381922875,phosphataseRegion
1221,106,0.97952614869448,phosphataseRegion
1222,106,1.00209708800766,phosphataseRegion
1223,106,1.00974122732354,phosphataseRegion
1224,106,0.20146307723063,phosphataseRegion
1225,106,1.02858396424922,phosphataseRegion
1226,106,0.613472010659015,phosphataseRegion
1227,106,0.727250819895505,phosphataseRegion
1228,106,0.7101230261421201,phosphataseRegion
1229,106,0.859760423013728,phosphataseRegion
1230,106,0.499426917693719,phosphataseRegion
1231,106,0.4522863393685671,phosphataseRegion
1232,107,0.266977275853626,phosphataseRegion
1233,107,0.159687733687079,phosphataseRegion
1234,107,0.403311093554165,phosphataseRegion
1235,107,0.382168132728391,phosphataseRegion
1236,107,0.0954194790934323,phosphataseRegion
1237,107,0.185168841615662,phosphataseRegion
1238,107,0.544114521505521,phosphataseRegion
1239,107,0.196410166377694,phosphataseRegion
1240,107,0.563997268640883,phosphataseRegion
1241,107,0.447517877019057,phosphataseRegion
1242,107,0.172984054918225,phosphataseRegion
1243,107,0.269467450809131,phosphataseRegion
1244,107,0.267447089159155,phosphataseRegion
1245,108,0.266124260083495,phosphataseRegion
1246,108,0.697249752686594,phosphataseRegion
1247,108,0.124295597747836,phosphataseRegion
1248,108,0.269458986683135,phosphataseRegion
1249,108,-0.12385638896582,phosphataseRegion
1250,108,0.1965608404490389,phosphataseRegion
1251,108,0.404526989643471,phosphataseRegion
1252,108,0.755166517542713,phosphataseRegion
1253,108,0.795890687814713,phosphataseRegion
1254,108,0.128543874392062,phosphataseRegion
1255,108,0.1768945996895179,phosphataseRegion
1256,108,0.131785989754922,phosphataseRegion
1257,108,0.12896946267338,phosphataseRegion
1258,108,0.282105301519354,phosphataseRegion
1259,108,1.05074409081641,phosphataseRegion
1260,108,0.188370114395472,phosphataseRegion
1261,109,0.870045122662822,phosphataseRegion
1262,109,0.683809018689838,phosphataseRegion
1263,109,0.7202755400554821,phosphataseRegion
1264,109,0.8421970622368009,phosphataseRegion
1265,109,0.458467562601735,phosphataseRegion
1266,109,0.6525384180484101,phosphataseRegion
1267,109,0.724096564632884,phosphataseRegion
1268,109,0.8041259941556379,phosphataseRegion
1269,109,0.809855645955995,phosphataseRegion
1270,109,0.6545902356243759,phosphataseRegion
1271,109,0.499961385940835,phosphataseRegion
1272,110,0.826964608966108,phosphataseRegion
1273,110,1.00250395293723,phosphataseRegion
1274,110,1.1018141916477902,phosphataseRegion
1275,110,0.8506759352752359,phosphataseRegion
1276,110,1.06370527624072,phosphataseRegion
1277,110,0.259256281005651,phosphataseRegion
1278,110,0.6958808843287989,phosphataseRegion
1279,110,0.975204922879565,phosphataseRegion
1280,110,0.8310255386920021,phosphataseRegion
1281,111,0.399702652722651,phosphataseRegion
1282,111,0.247819817710795,phosphataseRegion
1283,111,0.131891327935185,phosphataseRegion
1284,111,0.0902285899380708,phosphataseRegion
1285,111,0.114573697178337,phosphataseRegion
1286,112,0.281597277601548,phosphataseRegion
1287,112,0.0838003680505958,phosphataseRegion
1288,112,0.17450842837844,phosphataseRegion
1289,112,0.5781122777862551,phosphataseRegion
1290,112,0.1898079519684789,phosphataseRegion
1291,112,0.196853072950676,phosphataseRegion
1292,112,0.578993199705311,phosphataseRegion
1293,112,0.0804188827847682,phosphataseRegion
1294,112,0.113027107957011,phosphataseRegion
1295,112,0.141238217537745,phosphataseRegion
1296,112,0.433234323783797,phosphataseRegion
1297,112,-0.124902720151379,phosphataseRegion
1298,112,0.0845430865877308,phosphataseRegion
1299,114,0.5082376784696739,phosphataseRegion
1300,114,0.7229637277434809,phosphataseRegion
1301,114,0.7146625416098771,phosphataseRegion
1302,114,0.940457481772768,phosphataseRegion
1303,114,0.864034853692661,phosphataseRegion
1304,114,0.7078797073662041,phosphataseRegion
1305,114,0.6181360324316479,phosphataseRegion
1306,114,0.628190923752195,phosphataseRegion
1307,114,0.510210717303975,phosphataseRegion
1308,114,0.7802839425999629,phosphataseRegion
1309,114,0.871775467511266,phosphataseRegion
1310,114,0.7548174185127821,phosphataseRegion
1311,114,0.6927385143711751,phosphataseRegion
1312,115,0.6750359316788411,phosphataseRegion
1313,115,0.531137037646581,phosphataseRegion
1314,115,0.636559697357054,phosphataseRegion
1315,115,0.205793107571642,phosphataseRegion
1316,115,0.384003978795893,phosphataseRegion
1317,115,0.3416747313369,phosphataseRegion
1318,115,0.595295125080193,phosphataseRegion
1319,115,0.461144807012787,phosphataseRegion
1320,115,0.959848534907203,phosphataseRegion
1321,115,0.591879459937417,phosphataseRegion
1322,115,0.239621328720006,phosphataseRegion
1323,115,-0.120022288302585,phosphataseRegion
1324,116,0.997870348971538,phosphataseRegion
1325,116,0.708904337209125,phosphataseRegion
1326,116,1.06368147329295,phosphataseRegion
1327,116,1.02473031628636,phosphataseRegion
1328,116,0.997795283743758,phosphataseRegion
1329,116,0.5946815195414499,phosphataseRegion
1330,116,1.09927986266874,phosphataseRegion
1331,116,0.8056956668787341,phosphataseRegion
1332,117,1.08928545262439,phosphataseRegion
1333,117,0.93475824553961,phosphataseRegion
1334,117,0.900140392713404,phosphataseRegion
1335,117,0.998092701979364,phosphataseRegion
1336,117,0.9651791398155508,phosphataseRegion
1337,117,0.974151360915438,phosphataseRegion
1338,117,0.175007534280666,phosphataseRegion
1339,117,0.0435480297296457,phosphataseRegion
1340,117,1.10902742098947,phosphataseRegion
1341,117,1.13021245791319,phosphataseRegion
1342,117,0.716409046872119,phosphataseRegion
1343,117,0.5292731886760921,phosphataseRegion
1344,117,0.8555189688171321,phosphataseRegion
1345,118,0.460268390672793,phosphataseRegion
1346,118,0.0683590869156723,phosphataseRegion
1347,118,0.1600696363973739,phosphataseRegion
1348,118,0.168195863458785,phosphataseRegion
1349,118,0.312989310387582,phosphataseRegion
1350,118,0.322713939735082,phosphataseRegion
1351,118,0.7909528834879699,phosphataseRegion
1352,118,0.454930569767326,phosphataseRegion
1353,119,0.41494981888551,phosphataseRegion
1354,119,0.1874814005207469,phosphataseRegion
1355,119,0.20115091456863,phosphataseRegion
1356,119,0.8228288007856859,phosphataseRegion
1357,119,0.354598231714038,phosphataseRegion
1358,119,0.4118508421823449,phosphataseRegion
1359,119,0.34587735544776,phosphataseRegion
1360,119,0.4155936923462921,phosphataseRegion
1361,119,0.158681176779187,phosphataseRegion
1362,119,0.093582830590197,phosphataseRegion
1363,119,0.5410693826657871,phosphataseRegion
1364,119,0.3071676637552561,phosphataseRegion
1365,120,-0.0751924818886593,phosphataseRegion
1366,120,0.449809071726941,phosphataseRegion
1367,120,0.5876281011889319,phosphataseRegion
1368,120,0.108151132976768,phosphataseRegion
1369,120,0.139188481413938,phosphataseRegion
1370,120,0.484374764796794,phosphataseRegion
1371,120,0.7183449160941809,phosphataseRegion
1372,120,0.330289771678847,phosphataseRegion
1373,121,0.904566394600414,phosphataseRegion
1374,121,0.200179743418701,phosphataseRegion
1375,121,0.240164364576751,phosphataseRegion
1376,121,1.09698040613671,phosphataseRegion
1377,121,0.481194726696322,phosphataseRegion
1378,121,1.11934116990608,phosphataseRegion
1379,121,0.2260922448675009,phosphataseRegion
1380,121,1.06013064436031,phosphataseRegion
1381,121,0.0962205493791599,phosphataseRegion
1382,121,0.501170639731953,phosphataseRegion
1383,121,0.338048905479989,phosphataseRegion
1384,121,1.12155048127224,phosphataseRegion
1385,121,0.7214854060101409,phosphataseRegion
1386,121,0.7174414968655871,phosphataseRegion
1387,122,0.263434455730978,phosphataseRegion
1388,122,0.333566830938785,phosphataseRegion
1389,122,0.16812573894914,phosphataseRegion
1390,122,0.1495778950497409,phosphataseRegion
1391,122,0.214501889296299,phosphataseRegion
1392,122,0.7851882973603749,phosphataseRegion
1393,122,0.6410941657984399,phosphataseRegion
1394,122,0.298420609915238,phosphataseRegion
1395,122,0.149769761324378,phosphataseRegion
1396,122,0.277159709878853,phosphataseRegion
1397,122,0.238123244240613,phosphataseRegion
1398,122,0.193858106252861,phosphataseRegion
1399,122,0.249643954007888,phosphataseRegion
1400,122,1.00609395105509,phosphataseRegion
1401,122,0.0879205485893131,phosphataseRegion
1402,123,0.92939795275468,phosphataseRegion
1403,123,0.947056099967402,phosphataseRegion
1404,123,1.07997988798962,phosphataseRegion
1405,123,0.98056341760564,phosphataseRegion
1406,123,1.25065704317806,phosphataseRegion
1407,123,0.407828388074956,phosphataseRegion
1408,123,1.00145412752937,phosphataseRegion
1409,123,0.976850248109042,phosphataseRegion
1410,124,1.10300538193787,phosphataseRegion
1411,124,1.03768406843696,phosphataseRegion
1412,124,0.4130968335634969,phosphataseRegion
1413,124,0.8166478932965809,phosphataseRegion
1414,124,0.667966573997812,phosphataseRegion
1415,124,0.398876294258155,phosphataseRegion
1416,124,0.581501189925714,phosphataseRegion
1417,124,0.51565410455757,phosphataseRegion
1418,124,0.723189258925915,phosphataseRegion
1419,124,0.450052995695725,phosphataseRegion
1420,124,0.280032695674395,phosphataseRegion
1421,124,1.13746760599211,phosphataseRegion
1422,124,0.389667514415497,phosphataseRegion
1423,124,0.4393633038821311,phosphataseRegion
1424,124,0.507867404039742,phosphataseRegion
1425,125,1.03132143838353,phosphataseRegion
1426,125,0.8811684474124319,phosphataseRegion
1427,125,1.11801068090184,phosphataseRegion
1428,125,1.00954977744054,phosphataseRegion
1429,125,1.18435686094925,phosphataseRegion
1430,125,-0.165354450862333,phosphataseRegion
1431,125,0.933558095214583,phosphataseRegion
1432,125,0.957427451832614,phosphataseRegion
1433,125,0.9661061132087588,phosphataseRegion
1434,125,0.6851399539833539,phosphataseRegion
1435,125,0.918848929356298,phosphataseRegion
1436,125,0.965959627332135,phosphataseRegion
1437,126,1.1259251164455,phosphataseRegion
1438,126,0.92488341633877,phosphataseRegion
1439,126,0.618592456963401,phosphataseRegion
1440,126,1.0326675542613102,phosphataseRegion
1441,126,0.8174971561788441,phosphataseRegion
1442,126,0.57684706423474,phosphataseRegion
1443,126,1.08184198377411,phosphataseRegion
1444,126,0.8237180394495781,phosphataseRegion
1445,126,1.08663809349629,phosphataseRegion
1446,126,1.01959242149309,phosphataseRegion
1447,128,0.460194248238517,phosphataseRegion
1448,128,1.15875446518548,phosphataseRegion
1449,128,1.17545420502553,phosphataseRegion
1450,128,0.979795106577036,phosphataseRegion
1451,128,1.21968691754827,phosphataseRegion
1452,129,0.690961977489697,phosphataseRegion
1453,129,0.5119466704319799,phosphataseRegion
1454,129,0.652044576276189,phosphataseRegion
1455,129,0.755334938294823,phosphataseRegion
1456,129,0.333841802150911,phosphataseRegion
1457,129,0.432872020655971,phosphataseRegion
1458,129,0.495047448383101,phosphataseRegion
1459,129,0.8040057196416409,phosphataseRegion
1460,129,0.488615062431636,phosphataseRegion
1461,129,0.7208341524514058,phosphataseRegion
1462,129,0.6635858898204421,phosphataseRegion
1463,129,0.5416076651352779,phosphataseRegion
1464,129,0.914434849095176,phosphataseRegion
1465,130,1.27756247327141,phosphataseRegion
1466,130,0.967356670060968,phosphataseRegion
1467,130,1.08679256010431,phosphataseRegion
1468,130,1.08519791687069,phosphataseRegion
1469,130,1.19384659313195,phosphataseRegion
1470,130,0.964812697532995,phosphataseRegion
1471,130,1.15629126640123,phosphataseRegion
1472,130,0.7597559642210241,phosphataseRegion
1473,130,0.919097654261724,phosphataseRegion
1474,130,0.837947088602966,phosphataseRegion
1475,131,0.7575615317389859,phosphataseRegion
1476,131,0.724971195686952,phosphataseRegion
1477,131,0.72384315974061,phosphataseRegion
1478,131,0.367281526072511,phosphataseRegion
1479,131,1.1218054212048,phosphataseRegion
1480,131,0.4180235750450539,phosphataseRegion
1481,131,0.258811363100666,phosphataseRegion
1482,133,0.190712301038793,phosphataseRegion
1483,133,0.313306977426417,phosphataseRegion
1484,133,0.365280688197905,phosphataseRegion
1485,133,1.07610643552333,phosphataseRegion
1486,133,0.359912539535176,phosphataseRegion
1487,133,1.14218685219868,phosphataseRegion
1488,133,0.567316432499174,phosphataseRegion
1489,133,0.269020732730467,phosphataseRegion
1490,133,0.6402296915825649,phosphataseRegion
1491,133,0.276793145363202,phosphataseRegion
1492,133,0.5613581611935079,phosphataseRegion
1493,134,0.8537771301801591,phosphataseRegion
1494,134,0.833447764240655,phosphataseRegion
1495,134,0.194870682339622,phosphataseRegion
1496,134,0.848084993794032,phosphataseRegion
1497,134,0.563678267446083,phosphataseRegion
1498,134,0.127233730500368,phosphataseRegion
1499,134,0.566351498808271,phosphataseRegion
1500,134,0.149169175536742,phosphataseRegion
1501,134,0.308214565928125,phosphataseRegion
1502,134,0.43817981544023,phosphataseRegion
1503,134,0.3754036010266609,phosphataseRegion
1504,134,0.7663326859243209,phosphataseRegion
1505,134,0.62629988382651,phosphataseRegion
1506,135,0.3641179855283641,phosphataseRegion
1507,135,0.162758154658415,phosphataseRegion
1508,135,0.149112796467381,phosphataseRegion
1509,135,0.238312951627251,phosphataseRegion
1510,135,0.885711508449945,phosphataseRegion
1511,136,0.251714469395541,phosphataseRegion
1512,136,0.371881855807787,phosphataseRegion
1513,136,0.311681525366936,phosphataseRegion
1514,136,0.0317666964390435,phosphataseRegion
1515,136,0.167416316287957,phosphataseRegion
1516,136,0.8052655995940999,phosphataseRegion
1517,137,0.211129983151334,phosphataseRegion
1518,137,0.472170920269495,phosphataseRegion
1519,137,0.1978744868972589,phosphataseRegion
1520,137,0.7194902461563009,phosphataseRegion
1521,137,0.497460793762825,phosphataseRegion
1522,137,0.204914887068711,phosphataseRegion
1523,137,1.08352574925443,phosphataseRegion
1524,137,0.880491750625221,phosphataseRegion
1525,137,0.4999149291358089,phosphataseRegion
1526,139,0.541386323042334,phosphataseRegion
1527,139,0.5855592830343559,phosphataseRegion
1528,139,0.421657890728864,phosphataseRegion
1529,139,-0.0295514822470026,phosphataseRegion
1530,139,0.6225682612384971,phosphataseRegion
1531,139,0.221550247497804,phosphataseRegion
1532,139,0.273891270516033,phosphataseRegion
1533,139,0.20670721077257,phosphataseRegion
1534,139,0.495760733871807,phosphataseRegion
1535,139,0.462416143165834,phosphataseRegion
1536,139,0.7813082195450399,phosphataseRegion
1537,140,0.230269954195939,phosphataseRegion
1538,140,0.143690008810837,phosphataseRegion
1539,140,0.25266022017063,phosphataseRegion
1540,140,0.333353603159088,phosphataseRegion
1541,140,0.227702847704174,phosphataseRegion
1542,140,0.1327600936974509,phosphataseRegion
1543,140,0.64533344885056,phosphataseRegion
1544,140,0.2340204698306369,phosphataseRegion
1545,140,0.159983223079769,phosphataseRegion
1546,140,0.1942067365225269,phosphataseRegion
1547,140,0.265089008820914,phosphataseRegion
1548,140,0.634695177868406,phosphataseRegion
1549,141,0.4502959144467679,phosphataseRegion
1550,141,0.5164719917700159,phosphataseRegion
1551,141,0.578312413434282,phosphataseRegion
1552,141,0.300202898003375,phosphataseRegion
1553,141,0.523999299108842,phosphataseRegion
1554,141,0.1333141632986919,phosphataseRegion
1555,141,0.7034935861675949,phosphataseRegion
1556,142,1.07420089431304,phosphataseRegion
1557,142,0.755040846600374,phosphataseRegion
1558,142,0.64954895113798,phosphataseRegion
1559,142,0.94448946169368,phosphataseRegion
1560,142,0.927236830512698,phosphataseRegion
1561,142,0.193655578382884,phosphataseRegion
1562,142,1.05805008798212,phosphataseRegion
1563,142,0.871550932689828,phosphataseRegion
1564,142,0.5998932539721121,phosphataseRegion
1565,142,0.943767431947805,phosphataseRegion
1566,142,0.4187442520890871,phosphataseRegion
1567,142,0.682993686823346,phosphataseRegion
1568,143,1.02784396645485,phosphataseRegion
1569,143,0.356269272376352,phosphataseRegion
1570,143,0.666640453301647,phosphataseRegion
1571,143,0.5008622258511111,phosphataseRegion
1572,143,0.7863732904511991,phosphataseRegion
1573,143,0.976882363063214,phosphataseRegion
1574,143,0.426310039357407,phosphataseRegion
1575,144,0.788315039938988,phosphataseRegion
1576,144,1.16549077965915,phosphataseRegion
1577,144,0.982176513103317,phosphataseRegion
1578,144,0.592452613366926,phosphataseRegion
1579,144,0.6151843975606099,phosphataseRegion
1580,144,1.08469479186174,phosphataseRegion
1581,144,0.841456193947278,phosphataseRegion
1582,144,1.1338150819690802,phosphataseRegion
1583,145,0.4416140655557,phosphataseRegion
1584,145,0.1517353955202139,phosphataseRegion
1585,145,0.1382289542844669,phosphataseRegion
1586,145,0.284991664705442,phosphataseRegion
1587,145,0.7475091157868651,phosphataseRegion
1588,145,0.584132718082223,phosphataseRegion
1589,146,1.11439619086945,phosphataseRegion
1590,146,0.8620809420021729,phosphataseRegion
1591,146,1.03085677087486,phosphataseRegion
1592,146,0.680974507752302,phosphataseRegion
1593,146,1.02758783344365,phosphataseRegion
1594,146,1.11188375749874,phosphataseRegion
1595,146,1.01639200336564,phosphataseRegion
1596,146,0.976617260238344,phosphataseRegion
1597,146,0.9814116285442692,phosphataseRegion
1598,146,0.9330550188801472,phosphataseRegion
1599,146,1.0538557096946,phosphataseRegion
1600,146,0.203377590237951,phosphataseRegion
1601,146,0.8741087058309001,phosphataseRegion
1602,146,0.969005176843106,phosphataseRegion
1603,147,0.9852779507092,phosphataseRegion
1604,147,1.04295372479469,phosphataseRegion
1605,147,0.9827462651658592,phosphataseRegion
1606,147,0.98597597962623,phosphataseRegion
1607,147,0.9856351473467192,phosphataseRegion
1608,147,1.04226704645495,phosphataseRegion
1609,147,1.01663774254342,phosphataseRegion
1610,147,0.37588818415276,phosphataseRegion
1611,147,1.04137152538512,phosphataseRegion
1612,147,1.18557073287859,phosphataseRegion
1613,147,0.625651743480413,phosphataseRegion
1614,148,0.2449520406055549,phosphataseRegion
1615,148,0.489498330140286,phosphataseRegion
1616,148,0.241631344172194,phosphataseRegion
1617,148,0.377003400767219,phosphataseRegion
1618,148,0.886220123863932,phosphataseRegion
1619,148,0.286072849753841,phosphataseRegion
1620,148,0.548444316655894,phosphataseRegion
1621,149,0.9316680568388432,phosphataseRegion
1622,149,0.885675301064363,phosphataseRegion
1623,149,1.17756225561879,phosphataseRegion
1624,149,0.5208008765583161,phosphataseRegion
1625,149,1.03873074878755,phosphataseRegion
1626,149,0.7494672232528271,phosphataseRegion
1627,149,0.608663432560568,phosphataseRegion
1628,149,0.999516430142603,phosphataseRegion
1629,149,0.540685420607057,phosphataseRegion
1630,149,0.640742526663987,phosphataseRegion
1631,149,1.09484588352595,phosphataseRegion
1632,149,0.654723147381437,phosphataseRegion
1633,149,0.969053081002316,phosphataseRegion
1634,149,0.730989292126604,phosphataseRegion
1635,149,0.5502730540424899,phosphataseRegion
1636,151,0.24923178368769,phosphataseRegion
1637,151,0.23841746860379,phosphataseRegion
1638,151,0.214107772879334,phosphataseRegion
1639,151,0.109583789381352,phosphataseRegion
1640,151,0.176906923019825,phosphataseRegion
1641,151,0.491646236719478,phosphataseRegion
1642,151,0.229636652433873,phosphataseRegion
1643,151,0.815132472418077,phosphataseRegion
1644,151,0.701714586098561,phosphataseRegion
1645,151,0.970038052845563,phosphataseRegion
1646,151,-0.1578875614404339,phosphataseRegion
1647,152,0.257705422994109,phosphataseRegion
1648,152,0.296612858618161,phosphataseRegion
1649,152,0.6212993995834929,phosphataseRegion
1650,152,0.222664810496726,phosphataseRegion
1651,152,1.1086243819335702,phosphataseRegion
1652,152,0.245781439779542,phosphataseRegion
1653,152,0.8934285490445011,phosphataseRegion
1654,152,0.182816637518017,phosphataseRegion
1655,152,0.2192923003988,phosphataseRegion
1656,152,0.443232808999198,phosphataseRegion
1657,152,0.249043838024677,phosphataseRegion
1658,152,0.542487533201245,phosphataseRegion
1659,153,0.602831180030725,phosphataseRegion
1660,153,0.307300030496986,phosphataseRegion
1661,153,0.4708862088729621,phosphataseRegion
1662,153,0.7125123706351991,phosphataseRegion
1663,153,0.203183784462458,phosphataseRegion
1664,153,0.396520130041725,phosphataseRegion
1665,154,0.636378693870163,phosphataseRegion
1666,154,0.430474252977152,phosphataseRegion
1667,154,0.219809527619118,phosphataseRegion
1668,154,0.276348728602415,phosphataseRegion
1669,154,0.3152741579025,phosphataseRegion
1670,154,0.7197074969528471,phosphataseRegion
1671,154,0.612947692572446,phosphataseRegion
1672,154,0.42270127349244,phosphataseRegion
1673,154,0.422159163671711,phosphataseRegion
1674,154,0.6020070461542629,phosphataseRegion
1675,154,0.136239452790039,phosphataseRegion
1676,154,1.32648977263051,phosphataseRegion
1677,154,0.340293109283176,phosphataseRegion
1678,154,0.334437718668211,phosphataseRegion
1679,154,0.590887910256518,phosphataseRegion
1680,154,0.243647973281668,phosphataseRegion
1681,154,0.444323086018585,phosphataseRegion
1682,155,0.372477389855884,phosphataseRegion
1683,155,0.3489107870995889,phosphataseRegion
1684,155,0.103948616676238,phosphataseRegion
1685,155,0.687755012627179,phosphataseRegion
1686,155,0.2766915524112169,phosphataseRegion
1687,155,0.3010996399223549,phosphataseRegion
1688,155,0.21716018285085,phosphataseRegion
1689,156,1.04244496105226,phosphataseRegion
1690,156,0.7886720134835559,phosphataseRegion
1691,156,0.988965225190472,phosphataseRegion
1692,156,0.500383529518096,phosphataseRegion
1693,156,0.997634167310407,phosphataseRegion
1694,156,0.926462522707175,phosphataseRegion
1695,156,1.15870452122748,phosphataseRegion
1696,156,0.382472759627867,phosphataseRegion
1697,157,0.929805374225448,phosphataseRegion
1698,157,0.998238284962254,phosphataseRegion
1699,157,0.987474886804952,phosphataseRegion
1700,157,0.932423420806924,phosphataseRegion
1701,157,0.9985170660546993,phosphataseRegion
1702,157,1.16572206296407,phosphataseRegion
1703,157,0.297155419878406,phosphataseRegion
1704,157,0.934242856730984,phosphataseRegion
1705,157,1.1054186640063102,phosphataseRegion
1706,157,0.7732109832356171,phosphataseRegion
1707,157,0.8192192000438291,phosphataseRegion
1708,157,0.8024896750860899,phosphataseRegion
1709,158,1.29644608766724,phosphataseRegion
1710,158,0.8562440185554159,phosphataseRegion
1711,158,0.6289198192767479,phosphataseRegion
1712,158,1.0263454934045602,phosphataseRegion
1713,158,0.933249795459322,phosphataseRegion
1714,158,0.697434184591428,phosphataseRegion
1715,158,1.1651531195533895,phosphataseRegion
1716,158,0.925691394280388,phosphataseRegion
1717,158,1.04829910741808,phosphataseRegion
1718,158,1.02236699762544,phosphataseRegion
1719,160,0.8049830353389309,phosphataseRegion
1720,160,0.679061123269591,phosphataseRegion
1721,160,0.963155156378487,phosphataseRegion
1722,160,1.01503359588672,phosphataseRegion
1723,160,0.91396946836862,phosphataseRegion
1724,160,0.816084649828908,phosphataseRegion
1725,160,0.789245039509896,phosphataseRegion
1726,160,0.993728828306487,phosphataseRegion
1727,160,0.841547438079659,phosphataseRegion
1728,160,1.06865979402541,phosphataseRegion
1729,160,1.30945264229915,phosphataseRegion
1730,160,1.06287481843396,phosphataseRegion
1731,160,0.732900066714186,phosphataseRegion
1732,160,0.865596481716048,phosphataseRegion
1733,161,1.1566374316592,phosphataseRegion
1734,161,0.8084553154515369,phosphataseRegion
1735,161,1.00095939727666,phosphataseRegion
1736,161,0.342162345752662,phosphataseRegion
1737,161,1.29072018787556,phosphataseRegion
1738,161,1.31676024731057,phosphataseRegion
1739,161,0.8853534775561079,phosphataseRegion
1740,162,0.7067314742114741,phosphataseRegion
1741,162,0.785385038424023,phosphataseRegion
1742,162,0.66831230814912,phosphataseRegion
1743,162,0.8268145228766229,phosphataseRegion
1744,162,0.9313542048697652,phosphataseRegion
1745,162,0.5324631611442671,phosphataseRegion
1746,162,0.556688836914246,phosphataseRegion
1747,162,0.4238680578416029,phosphataseRegion
1748,162,1.14615766325289,phosphataseRegion
1749,162,0.557464267926473,phosphataseRegion
1750,162,0.596431242999419,phosphataseRegion
1751,163,0.984002915891013,phosphataseRegion
1752,163,0.5431184855915611,phosphataseRegion
1753,163,0.8384521113714442,phosphataseRegion
1754,163,0.618539643338961,phosphataseRegion
1755,163,1.0217747569718,phosphataseRegion
1756,163,0.508090674313716,phosphataseRegion
1757,163,0.7756791412195391,phosphataseRegion
1758,163,0.511027030436056,phosphataseRegion
1759,163,1.02714639159978,phosphataseRegion
1760,163,0.90612654711533,phosphataseRegion
1761,163,0.661048671010073,phosphataseRegion
1762,163,0.7943707102125279,phosphataseRegion
1763,163,0.6300440420831489,phosphataseRegion
1764,163,0.796877641847002,phosphataseRegion
1765,164,0.7090404267204259,phosphataseRegion
1766,164,0.7498284033720559,phosphataseRegion
1767,164,0.997350927232424,phosphataseRegion
1768,164,0.5600900201538891,phosphataseRegion
1769,164,0.663079487202268,phosphataseRegion
1770,164,0.534050314671448,phosphataseRegion
1771,164,0.960760460958603,phosphataseRegion
1772,164,0.767737603873861,phosphataseRegion
1773,164,0.861134520495058,phosphataseRegion
1774,164,0.756505260856475,phosphataseRegion
1775,164,0.752204737989001,phosphataseRegion
1776,164,0.934348238355848,phosphataseRegion
1777,166,0.39013752503536,phosphataseRegion
1778,166,0.307477147324223,phosphataseRegion
1779,166,0.486602756245849,phosphataseRegion
1780,166,0.4189941014235421,phosphataseRegion
1781,166,0.8068340773096692,phosphataseRegion
1782,166,0.603457593439205,phosphataseRegion
1783,166,0.238399401522367,phosphataseRegion
1784,166,0.288093085295693,phosphataseRegion
1785,166,0.323659931928687,phosphataseRegion
1786,166,0.6082824392730329,phosphataseRegion
1787,166,0.562799010820771,phosphataseRegion
1788,166,0.9326130192765892,phosphataseRegion
1789,167,0.751492766621676,phosphataseRegion
1790,167,0.761016914559756,phosphataseRegion
1791,167,0.8191616309128491,phosphataseRegion
1792,167,0.581746627865671,phosphataseRegion
1793,167,0.8621937469192921,phosphataseRegion
1794,167,0.828675885255028,phosphataseRegion
1795,167,0.8250490436596559,phosphataseRegion
1796,167,0.701551586375038,phosphataseRegion
1797,167,0.405862365914027,phosphataseRegion
1798,167,0.6315006805523571,phosphataseRegion
1799,167,1.04546718252923,phosphataseRegion
1800,167,0.5998101617109011,phosphataseRegion
1801,167,0.7151073263331641,phosphataseRegion
1802,167,1.078599511909,phosphataseRegion
1803,168,0.972883709596766,phosphataseRegion
1804,168,0.943978461634851,phosphataseRegion
1805,168,0.644540952627463,phosphataseRegion
1806,168,0.8456978871955649,phosphataseRegion
1807,168,0.8065061500395071,phosphataseRegion
1808,168,0.7541065236666671,phosphataseRegion
1809,168,0.703284658415375,phosphataseRegion
1810,168,0.872300826110182,phosphataseRegion
1811,168,0.998717814860995,phosphataseRegion
1812,168,0.7131966851549509,phosphataseRegion
1813,168,1.03023854111383,phosphataseRegion
1814,168,0.565789341657896,phosphataseRegion
1815,168,0.6589393017715021,phosphataseRegion
1816,170,0.433309609592398,phosphataseRegion
1817,170,0.202378295749784,phosphataseRegion
1818,170,0.362059972390649,phosphataseRegion
1819,170,0.1722967630919249,phosphataseRegion
1820,170,0.286042073759003,phosphataseRegion
1821,170,0.345807378227982,phosphataseRegion
1822,171,0.671196888152502,phosphataseRegion
1823,171,0.8835544822191,phosphataseRegion
1824,171,0.5913572971649089,phosphataseRegion
1825,171,0.32012382786307,phosphataseRegion
1826,171,0.640456632806981,phosphataseRegion
1827,171,0.705147830247657,phosphataseRegion
1828,171,0.981280228495736,phosphataseRegion
1829,171,0.984087915491235,phosphataseRegion
1830,171,0.294674166808425,phosphataseRegion
1831,171,0.553256113251847,phosphataseRegion
1832,171,0.845323267299845,phosphataseRegion
1833,171,0.8380339080700799,phosphataseRegion
1834,171,0.988921535674236,phosphataseRegion
1835,171,0.873131929393266,phosphataseRegion
1836,172,0.700664530513636,phosphataseRegion
1837,172,0.488613758167435,phosphataseRegion
1838,172,0.339474150036757,phosphataseRegion
1839,172,0.731476483154933,phosphataseRegion
1840,172,0.576814052514828,phosphataseRegion
1841,172,0.307821107459341,phosphataseRegion
1842,172,0.300064131984065,phosphataseRegion
1843,172,0.60308302795346,phosphataseRegion
1844,172,0.3646092502903729,phosphataseRegion
1845,172,0.313911114572995,phosphataseRegion
1846,175,0.328144086517522,phosphataseRegion
1847,175,0.0828844304447938,phosphataseRegion
1848,175,0.231259123045918,phosphataseRegion
1849,175,0.13289905741255,phosphataseRegion
1850,175,0.196914791201618,phosphataseRegion
1851,175,0.244807404852041,phosphataseRegion
1852,175,0.8154816330400129,phosphataseRegion
1853,175,0.155669913527239,phosphataseRegion
1854,175,0.5245249460811029,phosphataseRegion
1855,175,0.35512257073739,phosphataseRegion
1856,175,0.130575941862543,phosphataseRegion
1857,175,0.286139734980775,phosphataseRegion
1858,175,0.437432117553288,phosphataseRegion
1859,176,0.8492880271911051,phosphataseRegion
1860,176,1.04792363691965,phosphataseRegion
1861,176,0.552119636520119,phosphataseRegion
1862,176,0.7981354031405961,phosphataseRegion
1863,176,1.09012867280588,phosphataseRegion
1864,176,0.422252771260659,phosphataseRegion
1865,176,0.7801890658983751,phosphataseRegion
1866,176,0.8057683536921372,phosphataseRegion
1867,176,0.770552910495213,phosphataseRegion
1868,176,0.619185157508754,phosphataseRegion
1869,177,0.142409058817566,phosphataseRegion
1870,177,0.223818970817883,phosphataseRegion
1871,177,0.2612120754323,phosphataseRegion
1872,177,0.253730240283929,phosphataseRegion
1873,177,0.248968374874816,phosphataseRegion
1874,177,0.430002373916974,phosphataseRegion
1875,177,0.378771930794409,phosphataseRegion
1876,177,0.4686147159693401,phosphataseRegion
1877,177,0.35046936831219,phosphataseRegion
1878,177,0.142070445368264,phosphataseRegion
1879,177,0.399493087990914,phosphataseRegion
1880,177,0.0389781935308637,phosphataseRegion
1881,178,0.6042970527516099,phosphataseRegion
1882,178,0.414460947104116,phosphataseRegion
1883,178,0.197772483522374,phosphataseRegion
1884,178,0.360829121536172,phosphataseRegion
1885,178,0.812759222290283,phosphataseRegion
1886,178,0.229646095544272,phosphataseRegion
1887,178,0.748181605138326,phosphataseRegion
1888,178,0.221655230377362,phosphataseRegion
1889,178,0.53247597992298,phosphataseRegion
1890,178,0.4125431234059949,phosphataseRegion
1891,178,0.344945373513998,phosphataseRegion
1892,178,0.244801209589768,phosphataseRegion
1893,178,0.135134469528582,phosphataseRegion
1894,178,0.501677702807801,phosphataseRegion
1895,178,0.355641853274204,phosphataseRegion
1896,178,0.6071942156801489,phosphataseRegion
1897,179,0.901134463628862,phosphataseRegion
1898,179,1.01340710636709,phosphataseRegion
1899,179,0.7550223282917701,phosphataseRegion
1900,179,0.7610712448828358,phosphataseRegion
1901,179,0.32430751961164,phosphataseRegion
1902,179,0.371086450113485,phosphataseRegion
1903,179,0.243352399411489,phosphataseRegion
1904,179,0.409867250771997,phosphataseRegion
1905,179,0.0811436369850443,phosphataseRegion
1906,184,0.9980460138699432,phosphataseRegion
1907,184,0.495540031530188,phosphataseRegion
1908,184,0.187299939943295,phosphataseRegion
1909,184,0.5730589923648821,phosphataseRegion
1910,184,0.9901733891846052,phosphataseRegion
