,accession,hgvs_pro,score,sd,expts,se,lower_ci,upper_ci,snv,abundance_class,record_type,abundance_class_label,Position
0,urn:mavedb:00000013-a-1#667,p.Gly129Trp,0.914434849095176,0.07132102337508,6.0,0.0291166858670096,0.8573671934466709,0.9715025047436808,0.0,4.0,missense,wt_like,129
1,urn:mavedb:00000013-a-1#660,p.Gly129Leu,0.432872020655971,0.0977042682261865,7.0,0.0369287422508628,0.3604930158499171,0.5052510254620239,0.0,1.0,missense,low,129
2,urn:mavedb:00000013-a-1#653,p.Gly129Ala,0.690961977489697,0.26833059888361,5.0,0.120001091909396,0.4557641592418,0.926159795737595,1.0,2.0,missense,possibly_low,129
3,urn:mavedb:00000013-a-1#663,p.Gly129Arg,0.488615062431636,0.156169766781228,7.0,0.0590266236014408,0.37292500604381,0.604305118819462,1.0,1.0,missense,low,129
4,urn:mavedb:00000013-a-1#654,p.Gly129Cys,0.5119466704319799,0.0672258554547144,3.0,0.0388128657432822,0.435874851438358,0.5880184894256011,0.0,1.0,missense,low,129
5,urn:mavedb:00000013-a-1#653,p.Gly129Ala,0.690961977489697,0.26833059888361,5.0,0.120001091909396,0.4557641592418,0.926159795737595,1.0,2.0,missense,possibly_low,129
6,urn:mavedb:00000013-a-1#658,p.Gly129=,1.04942979141864,0.0945071827997859,8.0,0.0334133349142826,0.983940858383272,1.11491872445401,0.0,4.0,synonymous,wt_like,129
7,urn:mavedb:00000013-a-1#670,p.Gly129Ter,0.17804414965812,0.505696726745662,5.0,0.226154451400487,-0.2652104300302489,0.621298729346489,1.0,1.0,nonsense,low,129
8,urn:mavedb:00000013-a-1#719,p.Ile135Cys,0.3641179855283641,0.372645287644565,4.0,0.186322643822282,-0.0010676858675936,0.729303656924322,0.0,2.0,missense,possibly_low,135
9,urn:mavedb:00000013-a-1#719,p.Ile135Cys,0.3641179855283641,0.372645287644565,4.0,0.186322643822282,-0.0010676858675936,0.729303656924322,0.0,2.0,missense,possibly_low,135
10,urn:mavedb:00000013-a-1#723,p.Ile135Ser,0.238312951627251,0.125300520904074,6.0,0.0511537234533196,0.138053495983623,0.3385724072708799,0.0,1.0,missense,low,135
11,urn:mavedb:00000013-a-1#723,p.Ile135Ser,0.238312951627251,0.125300520904074,6.0,0.0511537234533196,0.138053495983623,0.3385724072708799,0.0,1.0,missense,low,135
12,urn:mavedb:00000013-a-1#719,p.Ile135Cys,0.3641179855283641,0.372645287644565,4.0,0.186322643822282,-0.0010676858675936,0.729303656924322,0.0,2.0,missense,possibly_low,135
13,urn:mavedb:00000013-a-1#722,p.Ile135Arg,0.149112796467381,0.146506861982744,7.0,0.0553743888815434,0.0405809885936412,0.257644604341122,1.0,1.0,missense,low,135
14,urn:mavedb:00000013-a-1#720,p.Ile135=,1.10766013851432,0.115609845228599,3.0,0.0667473752637026,0.976837686934884,1.23848259009376,0.0,4.0,synonymous,wt_like,135
15,urn:mavedb:00000013-a-1#726,p.Ile135Ter,-0.0443524345632299,0.0455806894997863,3.0,0.0263160233525504,-0.0959308925505437,0.0072260234240837,0.0,1.0,nonsense,low,135
16,urn:mavedb:00000013-a-1#280,p.Arg14Asp,1.14287292580154,0.137503321258386,5.0,0.0614933546931484,1.02234816531442,1.2633976862886598,0.0,4.0,missense,wt_like,14
17,urn:mavedb:00000013-a-1#369,p.Arg14Gln,1.24720707903683,0.137766913761537,3.0,0.0795397647456475,1.09131200479657,1.4031021532770902,0.0,4.0,missense,wt_like,14
18,urn:mavedb:00000013-a-1#324,p.Arg14Lys,0.609680597685592,0.526533616742199,4.0,0.263266808371099,0.0936871349534298,1.12567406041775,1.0,2.0,missense,possibly_low,14
19,urn:mavedb:00000013-a-1#291,p.Arg14Glu,0.998909639665705,0.166395225803257,8.0,0.058829596261275,0.8836057497685741,1.11421352956284,0.0,4.0,missense,wt_like,14
20,urn:mavedb:00000013-a-1#435,p.Arg14Tyr,1.1073722558994,0.226517383321701,7.0,0.0856155234146158,0.93956891348921,1.2751755983096,0.0,4.0,missense,wt_like,14
21,urn:mavedb:00000013-a-1#413,p.Arg14Val,0.867650334177895,0.1240593256506819,8.0,0.0438615952185137,0.781683187245134,0.9536174811106558,0.0,4.0,missense,wt_like,14
22,urn:mavedb:00000013-a-1#380,p.Arg14=,1.1552153345756102,0.126069273103981,3.0,0.0727861287631238,1.0125571436258,1.29787352552543,0.0,4.0,synonymous,wt_like,14
23,urn:mavedb:00000013-a-1#424,p.Arg14Ter,0.37155465755546,0.27511325972063,2.0,0.194534451542793,-0.0097258612206667,0.752835176331587,0.0,2.0,nonsense,possibly_low,14
24,urn:mavedb:00000013-a-1#502,p.Arg15Gly,1.01212332220966,0.137140632790938,8.0,0.0484865357113431,0.9170914584803108,1.10715518593901,1.0,4.0,missense,wt_like,15
25,urn:mavedb:00000013-a-1#558,p.Arg15Met,1.08697403681407,0.169854024401118,7.0,0.0641987868212648,0.961146726793228,1.21280134683492,0.0,4.0,missense,wt_like,15
26,urn:mavedb:00000013-a-1#635,p.Arg15Trp,1.04324698478536,0.160253138973519,8.0,0.0566580406373028,0.932199265701636,1.15429470386908,0.0,4.0,missense,wt_like,15
27,urn:mavedb:00000013-a-1#524,p.Arg15Ile,1.09873641815531,0.165996032050295,8.0,0.0586884599564115,0.9837091503326252,1.213763685978,1.0,4.0,missense,wt_like,15
28,urn:mavedb:00000013-a-1#524,p.Arg15Ile,1.09873641815531,0.165996032050295,8.0,0.0586884599564115,0.9837091503326252,1.213763685978,1.0,4.0,missense,wt_like,15
29,urn:mavedb:00000013-a-1#613,p.Arg15Thr,0.966155196017828,0.209530717488856,8.0,0.0740802956016265,0.8209604846745591,1.1113499073611002,1.0,4.0,missense,wt_like,15
30,urn:mavedb:00000013-a-1#591,p.Arg15=,1.03242544166684,0.1313093317222599,8.0,0.0464248594469419,0.941434389163495,1.12341649417018,0.0,4.0,synonymous,wt_like,15
31,urn:mavedb:00000013-a-1#646,p.Arg15Ter,0.570876878614779,0.462506987335357,6.0,0.1888176869072509,0.200801012632407,0.94095274459715,1.0,2.0,nonsense,possibly_low,15
32,urn:mavedb:00000013-a-1#1013,p.Gln17Val,1.02067321224283,0.104112388789255,8.0,0.0368092880592061,0.948528333350228,1.09281809113544,0.0,4.0,missense,wt_like,17
33,urn:mavedb:00000013-a-1#835,p.Gln17Cys,1.01074485968661,0.187002341696848,5.0,0.0836299895971592,0.8468330920487229,1.17465662732451,0.0,4.0,missense,wt_like,17
34,urn:mavedb:00000013-a-1#1002,p.Gln17Thr,0.8835747490300501,0.313133183692997,6.0,0.127836086930173,0.63302062272238,1.13412887533772,0.0,3.0,missense,possibly_wt_like,17
35,urn:mavedb:00000013-a-1#990,p.Gln17Ser,0.883376130469478,0.220567555751841,8.0,0.0779824071909342,0.7305334209475101,1.03621883999145,0.0,4.0,missense,wt_like,17
36,urn:mavedb:00000013-a-1#891,p.Gln17His,1.09232219069472,0.0235299622820658,3.0,0.0135850300575725,1.06569602105298,1.1189483603364498,1.0,4.0,missense,wt_like,17
37,urn:mavedb:00000013-a-1#913,p.Gln17Lys,0.8046214924231749,0.179843603414864,8.0,0.0635843157638371,0.679998523544432,0.929244461301918,1.0,3.0,missense,possibly_wt_like,17
38,urn:mavedb:00000013-a-1#968,p.Gln17=,0.800892099083547,0.20230344669179,6.0,0.0825900362668705,0.639018602518624,0.96276559564847,0.0,3.0,synonymous,possibly_wt_like,17
39,urn:mavedb:00000013-a-1#1035,p.Gln17Ter,0.2653094792773829,0.213055576164126,4.0,0.106527788082063,0.0565188512838245,0.4741001072709421,1.0,1.0,nonsense,low,17
40,urn:mavedb:00000013-a-1#826,p.Leu146Ala,1.11439619086945,0.0469138910788455,2.0,0.0331731305136987,1.0493780498081502,1.17941433193075,0.0,4.0,missense,wt_like,146
41,urn:mavedb:00000013-a-1#827,p.Leu146Cys,0.8620809420021729,0.417169618753021,6.0,0.170308783689382,0.5282818597201611,1.19588002428418,0.0,3.0,missense,possibly_wt_like,146
42,urn:mavedb:00000013-a-1#839,p.Leu146Thr,0.203377590237951,0.7261519366897181,3.0,0.4192440161203769,-0.618325582091917,1.02508076256782,0.0,2.0,missense,possibly_low,146
43,urn:mavedb:00000013-a-1#837,p.Leu146Gln,0.9330550188801472,0.1565682434833089,6.0,0.0639187177429909,0.8077766341659041,1.05833340359439,0.0,4.0,missense,wt_like,146
44,urn:mavedb:00000013-a-1#830,p.Leu146Gly,1.02758783344365,0.101280057416642,8.0,0.0358079076991352,0.957405623991608,1.0977700428956898,0.0,4.0,missense,wt_like,146
45,urn:mavedb:00000013-a-1#834,p.Leu146Asn,0.976617260238344,0.0461177416184398,2.0,0.0326101678314079,0.912702505758978,1.04053201471771,0.0,4.0,missense,wt_like,146
46,urn:mavedb:00000013-a-1#832,p.Leu146=,0.8377987457178141,0.145509684887764,8.0,0.0514454424562277,0.73696753133488,0.938629960100748,0.0,4.0,synonymous,wt_like,146
47,urn:mavedb:00000013-a-1#842,p.Leu146Ter,-0.0711267991475159,0.105250685646862,5.0,0.0470695375569692,-0.163381397528131,0.021127799233099,1.0,1.0,nonsense,low,146
48,urn:mavedb:00000013-a-1#1791,p.Phe21Gln,0.892204321918575,0.102707861434092,7.0,0.0388199227208412,0.816118671503098,0.968289972334052,0.0,4.0,missense,wt_like,21
49,urn:mavedb:00000013-a-1#1735,p.Phe21Ile,0.945651605640987,0.142451238874693,4.0,0.0712256194373466,0.8060519567672321,1.08525125451474,1.0,4.0,missense,wt_like,21
50,urn:mavedb:00000013-a-1#1680,p.Phe21Asp,0.924269188412593,0.216430061400738,3.0,0.124955954210443,0.6793600185062879,1.1691783583189,0.0,3.0,missense,possibly_wt_like,21
51,urn:mavedb:00000013-a-1#1669,p.Phe21Cys,0.910502801350021,0.291951180725913,7.0,0.110347174167491,0.6942263141859689,1.1267792885140702,1.0,3.0,missense,possibly_wt_like,21
52,urn:mavedb:00000013-a-1#1780,p.Phe21Pro,0.918821223329698,0.164662536214863,8.0,0.0582169979824526,0.8047180039960501,1.03292444266335,0.0,4.0,missense,wt_like,21
53,urn:mavedb:00000013-a-1#1669,p.Phe21Cys,0.910502801350021,0.291951180725913,7.0,0.110347174167491,0.6942263141859689,1.1267792885140702,1.0,3.0,missense,possibly_wt_like,21
54,urn:mavedb:00000013-a-1#1702,p.Phe21=,1.08036869141066,0.1524953847552519,4.0,0.0762476923776259,0.93092596044622,1.2298114223750902,0.0,4.0,synonymous,wt_like,21
55,urn:mavedb:00000013-a-1#1846,p.Phe21Ter,0.4088827300875229,0.0204615552874619,2.0,0.0144685044973878,0.3805249823624871,0.4372404778125589,0.0,1.0,nonsense,low,21
56,urn:mavedb:00000013-a-1#906,p.Leu152Thr,0.2192923003988,0.119852192542031,8.0,0.042374149043273,0.136240494398453,0.302344106399148,0.0,1.0,missense,low,152
57,urn:mavedb:00000013-a-1#908,p.Leu152Trp,0.249043838024677,0.214855630963533,8.0,0.0759629368152143,0.100159217706965,0.3979284583423889,0.0,1.0,missense,low,152
58,urn:mavedb:00000013-a-1#904,p.Leu152Gln,0.8934285490445011,0.190402672633511,4.0,0.0952013363167555,0.7068373585835749,1.08001973950543,1.0,3.0,missense,possibly_wt_like,152
59,urn:mavedb:00000013-a-1#897,p.Leu152Asp,0.296612858618161,0.103904690662473,4.0,0.0519523453312364,0.19478813285655,0.398437584379772,0.0,1.0,missense,low,152
60,urn:mavedb:00000013-a-1#899,p.Leu152Gly,0.222664810496726,0.129888660598667,8.0,0.0459225763542778,0.132658214765051,0.3126714062284019,0.0,1.0,missense,low,152
61,urn:mavedb:00000013-a-1#907,p.Leu152Val,0.443232808999198,0.0680906086761783,7.0,0.0257358310251692,0.392791507077657,0.493674110920738,1.0,1.0,missense,low,152
62,urn:mavedb:00000013-a-1#901,p.Leu152=,0.888489337101635,0.236391921377895,8.0,0.0835771653120135,0.724681103160139,1.05229757104313,0.0,4.0,synonymous,wt_like,152
63,urn:mavedb:00000013-a-1#909,p.Leu152Ter,-0.0452499642257533,0.0357594145552798,4.0,0.0178797072776399,-0.0802935465440462,-0.0102063819074604,0.0,1.0,nonsense,low,152
64,urn:mavedb:00000013-a-1#2347,p.Leu25Ala,0.5629445804572,0.175337858973318,4.0,0.0876689294866591,0.391116636100166,0.7347725248142329,0.0,2.0,missense,possibly_low,25
65,urn:mavedb:00000013-a-1#2369,p.Leu25Asp,0.345579706064662,0.23244457193203,6.0,0.0948950991188556,0.159588729482346,0.531570682646977,0.0,1.0,missense,low,25
66,urn:mavedb:00000013-a-1#2402,p.Leu25His,0.746838400428582,0.148754289670577,5.0,0.066524940729621,0.6164519125248629,0.877224888332301,0.0,3.0,missense,possibly_wt_like,25
67,urn:mavedb:00000013-a-1#2413,p.Leu25Ile,0.700371691380119,0.253154552426421,5.0,0.113214157607802,0.478476019928785,0.9222673628314528,0.0,2.0,missense,possibly_low,25
68,urn:mavedb:00000013-a-1#2358,p.Leu25Cys,0.599196176144,0.335235502661989,7.0,0.126707110097622,0.3508548037675089,0.847537548520491,0.0,2.0,missense,possibly_low,25
69,urn:mavedb:00000013-a-1#2502,p.Leu25Thr,0.634034574544365,0.0867893472184372,7.0,0.0328032898842315,0.5697413077968441,0.6983278412918851,0.0,1.0,missense,low,25
70,urn:mavedb:00000013-a-1#2424,p.Leu25=,0.921993202683704,0.313875179078394,8.0,0.110971633786237,0.70449279715711,1.1394936082103,0.0,3.0,synonymous,possibly_wt_like,25
71,urn:mavedb:00000013-a-1#2535,p.Leu25Ter,0.658178169349559,0.170041446461815,8.0,0.0601187299379592,0.540347623874869,0.776008714824249,1.0,2.0,nonsense,possibly_low,25
72,urn:mavedb:00000013-a-1#2635,p.Thr26Met,0.706704568216981,0.132455101327531,4.0,0.0662275506637656,0.576900954131699,0.836508182302264,0.0,2.0,missense,possibly_low,26
73,urn:mavedb:00000013-a-1#2580,p.Thr26Asp,0.67014417668323,0.080571109581244,2.0,0.056972377952622,0.558480367782487,0.7818079855839731,0.0,2.0,missense,possibly_low,26
74,urn:mavedb:00000013-a-1#2569,p.Thr26Cys,0.963216717709902,0.0807017511470238,5.0,0.0360909202936034,0.892479813765534,1.03395362165427,0.0,4.0,missense,wt_like,26
75,urn:mavedb:00000013-a-1#2602,p.Thr26Gly,0.4266731903073271,0.122252199802019,8.0,0.0432226797474903,0.341958294686937,0.511388085927717,0.0,1.0,missense,low,26
76,urn:mavedb:00000013-a-1#2657,p.Thr26Pro,0.13051033572119,0.078561578584885,3.0,0.0453575485439453,0.0416111741480304,0.21940949729435,1.0,1.0,missense,low,26
77,urn:mavedb:00000013-a-1#2569,p.Thr26Cys,0.963216717709902,0.0807017511470238,5.0,0.0360909202936034,0.892479813765534,1.03395362165427,0.0,4.0,missense,wt_like,26
78,urn:mavedb:00000013-a-1#2702,p.Thr26=,1.14513234041245,0.161442329605827,7.0,0.0610194650308485,1.0255363865960898,1.26472829422882,0.0,4.0,synonymous,wt_like,26
79,urn:mavedb:00000013-a-1#2724,p.Thr26Ter,0.5279251246918351,0.324148904653439,4.0,0.16207445232672,0.21026503531741,0.845585214066259,0.0,2.0,nonsense,possibly_low,26
80,urn:mavedb:00000013-a-1#988,p.Thr160Phe,1.01503359588672,0.48435440148291,6.0,0.197736856384045,0.6274764789578261,1.40259071281562,0.0,3.0,missense,possibly_wt_like,160
81,urn:mavedb:00000013-a-1#998,p.Thr160Val,1.06287481843396,0.203688798000334,5.0,0.091092399716794,0.884336995723713,1.2414126411442,0.0,4.0,missense,wt_like,160
82,urn:mavedb:00000013-a-1#999,p.Thr160Trp,0.732900066714186,0.128753864774185,5.0,0.0575804788001788,0.620044402053264,0.845755731375109,0.0,3.0,missense,possibly_wt_like,160
83,urn:mavedb:00000013-a-1#1003,p.Thr160Tyr,0.865596481716048,0.213265447829152,8.0,0.0754007221763896,0.717813781842014,1.01337918159008,0.0,4.0,missense,wt_like,160
84,urn:mavedb:00000013-a-1#985,p.Thr160Ala,0.8049830353389309,0.5133463932948621,5.0,0.229575486282331,0.3550233504922929,1.25494272018557,1.0,3.0,missense,possibly_wt_like,160
85,urn:mavedb:00000013-a-1#991,p.Thr160Leu,0.816084649828908,0.191536275196181,8.0,0.0677182995172162,0.6833592216808679,0.948810077976948,0.0,3.0,missense,possibly_wt_like,160
86,urn:mavedb:00000013-a-1#997,p.Thr160=,1.1760051440466002,0.300882244250115,7.0,0.113722798885828,0.953112554009286,1.39889773408392,0.0,4.0,synonymous,wt_like,160
87,urn:mavedb:00000013-a-1#1000,p.Thr160Ter,-0.0044799526243237,0.0666555724848874,4.0,0.0333277862424437,-0.0698012133439628,0.0608413080953154,0.0,1.0,nonsense,low,160
88,urn:mavedb:00000013-a-1#1030,p.Lys163Gly,1.0217747569718,0.1528720346565079,7.0,0.0577801980167954,0.90852764983929,1.1350218641043102,0.0,4.0,missense,wt_like,163
89,urn:mavedb:00000013-a-1#1034,p.Lys163Pro,0.511027030436056,0.186793878015517,8.0,0.0660416089144525,0.38158785548265,0.6404662053894621,0.0,1.0,missense,low,163
90,urn:mavedb:00000013-a-1#1039,p.Lys163Thr,0.7943707102125279,0.3715974425276249,4.0,0.185798721263813,0.430211908161859,1.1585295122632,1.0,3.0,missense,possibly_wt_like,163
91,urn:mavedb:00000013-a-1#1030,p.Lys163Gly,1.0217747569718,0.1528720346565079,7.0,0.0577801980167954,0.90852764983929,1.1350218641043102,0.0,4.0,missense,wt_like,163
92,urn:mavedb:00000013-a-1#1030,p.Lys163Gly,1.0217747569718,0.1528720346565079,7.0,0.0577801980167954,0.90852764983929,1.1350218641043102,0.0,4.0,missense,wt_like,163
93,urn:mavedb:00000013-a-1#1028,p.Lys163Glu,0.8384521113714442,0.046176647859338,4.0,0.023088323929669,0.793199828005899,0.88370439473699,1.0,4.0,missense,wt_like,163
94,urn:mavedb:00000013-a-1#1032,p.Lys163=,1.26857496540127,0.2171864230577749,5.0,0.0971287211494424,1.07820617008393,1.45894376071861,0.0,4.0,synonymous,wt_like,163
95,urn:mavedb:00000013-a-1#1041,p.Lys163Ter,-0.115200097539586,0.0917927551174123,6.0,0.0374742353536516,-0.18864824918092,-0.0417519458982509,1.0,1.0,nonsense,low,163
96,urn:mavedb:00000013-a-1#3820,p.Pro38Glu,0.6907232373229579,0.276791246309267,6.0,0.11299955312112,0.469248182936441,0.912198291709475,0.0,2.0,missense,possibly_low,38
97,urn:mavedb:00000013-a-1#3832,p.Pro38Thr,0.886312499227035,0.1874596217422869,4.0,0.0937298108711437,0.702605445641842,1.07001955281223,1.0,3.0,missense,possibly_wt_like,38
98,urn:mavedb:00000013-a-1#3824,p.Pro38His,0.620797543368032,0.2444478159426749,5.0,0.109320386679835,0.406533522699562,0.8350615640365021,1.0,2.0,missense,possibly_low,38
99,urn:mavedb:00000013-a-1#3827,p.Pro38Leu,0.627175442185471,0.128315660892477,7.0,0.0484987611480557,0.532119617040471,0.7222312673304699,1.0,2.0,missense,possibly_low,38
100,urn:mavedb:00000013-a-1#3834,p.Pro38Val,0.79618040024161,0.285881356610703,8.0,0.101074322937119,0.5980783675230871,0.994282432960134,0.0,3.0,missense,possibly_wt_like,38
101,urn:mavedb:00000013-a-1#3823,p.Pro38Gly,0.7802943462141959,0.279563089449899,7.0,0.105664915776762,0.573194916862284,0.987393775566109,0.0,3.0,missense,possibly_wt_like,38
102,urn:mavedb:00000013-a-1#3829,p.Pro38=,1.19244499635198,0.0283553968448751,2.0,0.0200502933922468,1.15314714342371,1.23174284928024,0.0,4.0,synonymous,wt_like,38
103,urn:mavedb:00000013-a-1#3835,p.Pro38Ter,-0.0274945396175169,0.106371186506055,8.0,0.0376078936506451,-0.101204656707194,0.0462155774721602,0.0,1.0,nonsense,low,38
104,urn:mavedb:00000013-a-1#3846,p.Ala39Arg,0.696042182917223,0.248535231384844,8.0,0.0878704737379953,0.52381921908628,0.8682651467481659,0.0,2.0,missense,possibly_low,39
105,urn:mavedb:00000013-a-1#3838,p.Ala39Cys,1.0766618793228,0.0764042957265308,2.0,0.0540259956200123,0.970772873678654,1.18255088496694,0.0,4.0,missense,wt_like,39
106,urn:mavedb:00000013-a-1#3849,p.Ala39Trp,0.719033177936859,0.0716134330768575,2.0,0.0506383441526949,0.619783847160832,0.8182825087128851,0.0,3.0,missense,possibly_wt_like,39
107,urn:mavedb:00000013-a-1#3839,p.Ala39Asp,0.89624189292703,0.225026101826212,8.0,0.0795587412726444,0.7403096253773059,1.05217416047675,0.0,4.0,missense,wt_like,39
108,urn:mavedb:00000013-a-1#3839,p.Ala39Asp,0.89624189292703,0.225026101826212,8.0,0.0795587412726444,0.7403096253773059,1.05217416047675,0.0,4.0,missense,wt_like,39
109,urn:mavedb:00000013-a-1#3841,p.Ala39Gly,1.00501395623524,0.185727490403765,8.0,0.0656645839586308,0.87631373661652,1.13371417585397,1.0,4.0,missense,wt_like,39
110,urn:mavedb:00000013-a-1#3837,p.Ala39=,0.941829387781626,0.15265044729692,7.0,0.0576964458672033,0.828746431845943,1.0549123437173102,0.0,4.0,synonymous,wt_like,39
111,urn:mavedb:00000013-a-1#3850,p.Ala39Ter,0.0661377597389904,0.13064798586771,8.0,0.0461910383777111,-0.0243950118898308,0.1566705313678119,0.0,1.0,nonsense,low,39
112,urn:mavedb:00000013-a-1#1059,p.Val166Glu,0.307477147324223,0.194449607529677,7.0,0.0734950434368053,0.163429509145878,0.451524785502568,1.0,1.0,missense,low,166
113,urn:mavedb:00000013-a-1#1067,p.Val166Thr,0.6082824392730329,0.228039843818965,7.0,0.0861909593941415,0.439351263067561,0.7772136154785051,0.0,2.0,missense,possibly_low,166
114,urn:mavedb:00000013-a-1#1072,p.Val166Tyr,0.9326130192765892,0.236461987731481,4.0,0.118230993865741,0.700884529443361,1.16434150910982,0.0,3.0,missense,possibly_wt_like,166
115,urn:mavedb:00000013-a-1#1060,p.Val166Gly,0.486602756245849,0.146922517664494,6.0,0.0599808666671763,0.369042417816684,0.604163094675013,1.0,1.0,missense,low,166
116,urn:mavedb:00000013-a-1#1066,p.Val166Ser,0.323659931928687,0.15419362955579,4.0,0.0770968147778952,0.172552951641257,0.474766912216117,0.0,1.0,missense,low,166
117,urn:mavedb:00000013-a-1#1072,p.Val166Tyr,0.9326130192765892,0.236461987731481,4.0,0.118230993865741,0.700884529443361,1.16434150910982,0.0,3.0,missense,possibly_wt_like,166
118,urn:mavedb:00000013-a-1#1069,p.Val166=,0.9950370862196708,0.151731149588129,4.0,0.0758655747940643,0.8463432919568751,1.14373088048247,0.0,4.0,synonymous,wt_like,166
119,urn:mavedb:00000013-a-1#1071,p.Val166Ter,-0.0375819448609029,0.158938876259323,6.0,0.0648865245211161,-0.164757196004266,0.0895933062824598,0.0,1.0,nonsense,low,166
120,urn:mavedb:00000013-a-1#3906,p.Val45Lys,1.0727166659802,0.146323608422314,7.0,0.0553051255461484,0.964320611749282,1.18111272021112,0.0,4.0,missense,wt_like,45
121,urn:mavedb:00000013-a-1#3919,p.Val45Tyr,1.08440257390692,0.119906800695753,4.0,0.0599534003478766,0.9668960684743678,1.20190907933947,0.0,4.0,missense,wt_like,45
122,urn:mavedb:00000013-a-1#3907,p.Val45Leu,0.7269060879792242,0.2378144161772,8.0,0.0840800931714091,0.56211213354649,0.891700042411958,1.0,3.0,missense,possibly_wt_like,45
123,urn:mavedb:00000013-a-1#3905,p.Val45Ile,0.6791217189259251,0.475495596149499,4.0,0.23774779807475,0.213144597295715,1.14509884055614,1.0,2.0,missense,possibly_low,45
124,urn:mavedb:00000013-a-1#3912,p.Val45Gln,1.1226992659903798,0.0846169527976256,8.0,0.0299166105632715,1.06406378674686,1.1813347452339,0.0,4.0,missense,wt_like,45
125,urn:mavedb:00000013-a-1#3904,p.Val45Gly,1.00923566591622,0.0902440557459726,8.0,0.031906091889877,0.946700874924638,1.07177045690781,1.0,4.0,missense,wt_like,45
126,urn:mavedb:00000013-a-1#3916,p.Val45=,0.892714572277831,0.1977553795499829,8.0,0.0699170849479562,0.755679603875809,1.02974954067985,0.0,4.0,synonymous,wt_like,45
127,urn:mavedb:00000013-a-1#3918,p.Val45Ter,0.210603632183464,0.236072355546364,8.0,0.083464181728758,0.0470168419959923,0.374190422370936,0.0,1.0,nonsense,low,45
128,urn:mavedb:00000013-a-1#1150,p.Val175Leu,0.8154816330400129,0.281544867256421,8.0,0.0995411424226407,0.620384578911665,1.01057868716836,1.0,3.0,missense,possibly_wt_like,175
129,urn:mavedb:00000013-a-1#1144,p.Val175Asp,0.0828844304447938,0.12170773569191,5.0,0.0544293540789378,-0.0237951432517026,0.18956400414129,0.0,1.0,missense,low,175
130,urn:mavedb:00000013-a-1#1152,p.Val175Asn,0.5245249460811029,0.377113794485014,5.0,0.168650415944275,0.193976204852624,0.855073687309583,0.0,2.0,missense,possibly_low,175
131,urn:mavedb:00000013-a-1#1155,p.Val175Ser,0.286139734980775,0.196979262299222,6.0,0.0804164470904904,0.128526394918743,0.443753075042806,0.0,1.0,missense,low,175
132,urn:mavedb:00000013-a-1#1148,p.Val175Gly,0.196914791201618,0.119198022967041,8.0,0.0421428651720122,0.114316293259146,0.279513289144089,1.0,1.0,missense,low,175
133,urn:mavedb:00000013-a-1#1146,p.Val175Phe,0.13289905741255,0.162373753955282,6.0,0.0662888074684439,0.0029753821962902,0.26282273262881,0.0,1.0,missense,low,175
134,urn:mavedb:00000013-a-1#1157,p.Val175=,1.01879507807705,0.248304107699102,5.0,0.111044972781524,0.8011509307610301,1.23643922539307,0.0,4.0,synonymous,wt_like,175
135,urn:mavedb:00000013-a-1#1159,p.Val175Ter,-0.0212468856156157,0.1656943954189849,5.0,0.0741007863295162,-0.166481758047565,0.123987986816334,0.0,1.0,nonsense,low,175
136,urn:mavedb:00000013-a-1#4030,p.Val53Asp,0.346693185964214,0.21346825520709,8.0,0.0754724254124968,0.198769950329835,0.4946164215985929,0.0,1.0,missense,low,53
137,urn:mavedb:00000013-a-1#4046,p.Val53Thr,0.688259555116681,0.0754676947525369,8.0,0.0266818593600176,0.6359640717304829,0.740555038502878,0.0,2.0,missense,possibly_low,53
138,urn:mavedb:00000013-a-1#4031,p.Val53Glu,0.36718974285112,0.281959046463955,7.0,0.106570502406933,0.158315396319193,0.576064089383048,1.0,1.0,missense,low,53
139,urn:mavedb:00000013-a-1#4045,p.Val53Ser,0.469903424082519,0.0358043599533605,8.0,0.0126587528595326,0.445092724388642,0.494714123776396,0.0,1.0,missense,low,53
140,urn:mavedb:00000013-a-1#4041,p.Val53Pro,0.231920987831849,0.194428592574394,6.0,0.0793751405357912,0.0763485711138932,0.387493404549805,0.0,1.0,missense,low,53
141,urn:mavedb:00000013-a-1#4036,p.Val53Ile,0.797497417695902,3.4149619716501004e-05,2.0,2.41474276764797e-05,0.797450089607337,0.7975447457844681,1.0,4.0,missense,wt_like,53
142,urn:mavedb:00000013-a-1#4047,p.Val53=,0.915415699496338,0.273311860024778,8.0,0.0966303348011146,0.726023723472106,1.10480767552057,0.0,4.0,synonymous,wt_like,53
143,urn:mavedb:00000013-a-1#4048,p.Val53Ter,-0.0495635770697267,0.0919963200911473,8.0,0.0325256108903292,-0.113312602989936,0.0141854488504824,0.0,1.0,nonsense,low,53
144,urn:mavedb:00000013-a-1#4058,p.Val54Lys,1.00288552835074,0.1543649049337609,7.0,0.0583444499444084,0.888532507761897,1.11723854893958,0.0,4.0,missense,wt_like,54
145,urn:mavedb:00000013-a-1#4071,p.Val54Tyr,0.6337675072178349,0.250722087062205,7.0,0.0947640415082397,0.4480333988322261,0.8195016156034429,0.0,2.0,missense,possibly_low,54
146,urn:mavedb:00000013-a-1#4065,p.Val54Ser,0.8118179204034859,0.175835404289866,8.0,0.0621672033730211,0.689972440772788,0.933663400034184,0.0,3.0,missense,possibly_wt_like,54
147,urn:mavedb:00000013-a-1#4062,p.Val54Pro,0.5330338866824579,0.3110789551300589,6.0,0.126997451631131,0.284123455357073,0.781944318007842,0.0,2.0,missense,possibly_low,54
148,urn:mavedb:00000013-a-1#4056,p.Val54His,0.8125667707839441,0.156277394721563,5.0,0.0698893755887962,0.675586111727911,0.949547429839977,0.0,3.0,missense,possibly_wt_like,54
149,urn:mavedb:00000013-a-1#4059,p.Val54Leu,0.940065117237039,0.254545052677045,8.0,0.0899952664327128,0.763677636249836,1.11645259822424,1.0,4.0,missense,wt_like,54
150,urn:mavedb:00000013-a-1#4068,p.Val54=,1.04517324783863,0.0928277334994153,7.0,0.0350855853727475,0.976406764131542,1.11393973154572,0.0,4.0,synonymous,wt_like,54
151,urn:mavedb:00000013-a-1#4070,p.Val54Ter,0.0342421480949164,0.183274685990103,8.0,0.0647973866417186,-0.0927583960151687,0.1612426922050019,0.0,1.0,nonsense,low,54
152,urn:mavedb:00000013-a-1#4159,p.Ser59Val,1.01280361392165,0.0705930269061158,8.0,0.0249584040148994,0.963886040940851,1.06172118690246,0.0,4.0,missense,wt_like,59
153,urn:mavedb:00000013-a-1#4157,p.Ser59Arg,0.9028020468475408,0.134938665404109,8.0,0.0477080226757539,0.8092960406294429,0.996308053065639,0.0,4.0,missense,wt_like,59
154,urn:mavedb:00000013-a-1#4146,p.Ser59Asp,0.963486550108858,0.209306649296407,7.0,0.0791104773986436,0.8084328636077459,1.11854023660997,0.0,4.0,missense,wt_like,59
155,urn:mavedb:00000013-a-1#4153,p.Ser59Asn,1.02002876652595,0.111042319640572,5.0,0.0496596350191156,0.9226976704030828,1.11735986264882,0.0,4.0,missense,wt_like,59
156,urn:mavedb:00000013-a-1#4152,p.Ser59Met,0.9663955530576592,0.20360150613794,8.0,0.071984002824966,0.825309500057696,1.10748160605762,0.0,4.0,missense,wt_like,59
157,urn:mavedb:00000013-a-1#4151,p.Ser59Leu,0.828132865757633,0.1236472133490969,8.0,0.0437158915169831,0.742451292832286,0.91381443868298,1.0,4.0,missense,wt_like,59
158,urn:mavedb:00000013-a-1#4158,p.Ser59=,0.913986608173188,0.138048194111227,8.0,0.0488074070933028,0.818325848091529,1.00964736825485,0.0,4.0,synonymous,wt_like,59
159,urn:mavedb:00000013-a-1#4161,p.Ser59Ter,0.048052543325257,0.268072774494227,8.0,0.0947780383481801,-0.1377089983625319,0.233814085013046,1.0,1.0,nonsense,low,59
160,urn:mavedb:00000013-a-1#4221,p.Lys62Tyr,0.977297179154475,0.1955006374197749,2.0,0.138239826445815,0.7063520980916099,1.2482422602173402,0.0,3.0,missense,possibly_wt_like,62
161,urn:mavedb:00000013-a-1#4216,p.Lys62Ser,0.909640872584478,0.131178366474967,8.0,0.0463785562397115,0.8187405726996779,1.00054117246928,0.0,4.0,missense,wt_like,62
162,urn:mavedb:00000013-a-1#4207,p.Lys62Gly,0.967625416053046,0.115561122006051,8.0,0.0408570265060024,0.887547115585883,1.04770371652021,0.0,4.0,missense,wt_like,62
163,urn:mavedb:00000013-a-1#4218,p.Lys62Val,0.664143043032682,0.146336348301431,8.0,0.0517377121090092,0.562738990656522,0.7655470954088409,0.0,2.0,missense,possibly_low,62
164,urn:mavedb:00000013-a-1#4208,p.Lys62Ile,0.792470078801592,0.203584355002287,7.0,0.0769476534513629,0.641655449342051,0.943284708261132,1.0,3.0,missense,possibly_wt_like,62
165,urn:mavedb:00000013-a-1#4215,p.Lys62Arg,0.8917443521914542,0.144273864761394,8.0,0.0510085140603864,0.7917695017281909,0.991719202654716,1.0,4.0,missense,wt_like,62
166,urn:mavedb:00000013-a-1#4209,p.Lys62=,1.00992495502346,0.178666893186458,8.0,0.0631682858728383,0.886117389747567,1.13373252029935,0.0,4.0,synonymous,wt_like,62
167,urn:mavedb:00000013-a-1#4220,p.Lys62Ter,-0.0160266457318655,0.0464482048196661,8.0,0.0164219203009638,-0.0482130180787417,0.0161597266150107,1.0,1.0,nonsense,low,62
168,urn:mavedb:00000013-a-1#4267,p.Tyr65Arg,0.175113017052149,0.0698662024065077,8.0,0.0247014327486967,0.126699098498165,0.223526935606132,0.0,1.0,missense,low,65
169,urn:mavedb:00000013-a-1#4256,p.Tyr65Cys,0.8189206643866199,0.180196603320055,4.0,0.0900983016600277,0.64233123806474,0.9955100907084988,1.0,3.0,missense,possibly_wt_like,65
170,urn:mavedb:00000013-a-1#4271,p.Tyr65Trp,1.02931237019838,0.0689695943636689,8.0,0.0243844339351179,0.981519757902154,1.07710498249461,0.0,4.0,missense,wt_like,65
171,urn:mavedb:00000013-a-1#4271,p.Tyr65Trp,1.02931237019838,0.0689695943636689,8.0,0.0243844339351179,0.981519757902154,1.07710498249461,0.0,4.0,missense,wt_like,65
172,urn:mavedb:00000013-a-1#4269,p.Tyr65Thr,0.5645334083469821,0.25418211535196,7.0,0.096071809277374,0.3762361222337279,0.752830694460236,0.0,2.0,missense,possibly_low,65
173,urn:mavedb:00000013-a-1#4271,p.Tyr65Trp,1.02931237019838,0.0689695943636689,8.0,0.0243844339351179,0.981519757902154,1.07710498249461,0.0,4.0,missense,wt_like,65
174,urn:mavedb:00000013-a-1#4273,p.Tyr65=,1.01493714932971,0.229172820591207,7.0,0.0866191843627936,0.8451666676083979,1.18470763105102,0.0,4.0,synonymous,wt_like,65
175,urn:mavedb:00000013-a-1#4272,p.Tyr65Ter,0.0468668072809475,0.147365669537173,6.0,0.0601617826616134,-0.071048119981541,0.164781734543436,1.0,1.0,nonsense,low,65
176,urn:mavedb:00000013-a-1#4303,p.Ile67Leu,0.7511558812405319,0.394443396366917,8.0,0.13945680018265,0.477825575483339,1.02448618699772,1.0,3.0,missense,possibly_wt_like,67
177,urn:mavedb:00000013-a-1#4306,p.Ile67Pro,0.3827893611935139,0.36313958328798,7.0,0.1372538612262319,0.113776736451042,0.651801985935987,0.0,1.0,missense,low,67
178,urn:mavedb:00000013-a-1#4309,p.Ile67Ser,0.2988709314145539,0.101266672674914,8.0,0.035803175478315,0.228697996944889,0.3690438658842189,0.0,1.0,missense,low,67
179,urn:mavedb:00000013-a-1#4302,p.Ile67Lys,0.272300803355096,0.155945073333593,6.0,0.0636643095947011,0.147521049448874,0.397080557261317,1.0,1.0,missense,low,67
180,urn:mavedb:00000013-a-1#4295,p.Ile67Asp,0.212329359964604,0.296855256962431,5.0,0.132757706809233,-0.0478709640516204,0.472529683980828,0.0,1.0,missense,low,67
181,urn:mavedb:00000013-a-1#4308,p.Ile67Arg,0.219541790464059,0.1496024616566099,8.0,0.0528924575597945,0.115874478593048,0.3232091023350689,1.0,1.0,missense,low,67
182,urn:mavedb:00000013-a-1#4301,p.Ile67=,0.100378820451673,0.0414104642985348,2.0,0.0292816201175774,0.0429878996122382,0.157769741291108,0.0,1.0,synonymous,low,67
183,urn:mavedb:00000013-a-1#4314,p.Ile67Ter,0.3136385415601189,0.537354409570207,3.0,0.310241713015592,-0.294424042452452,0.921701125572689,0.0,2.0,nonsense,possibly_low,67
184,urn:mavedb:00000013-a-1#4374,p.Ala72Val,0.7958653620085681,0.1721616436473659,8.0,0.0608683328416371,0.676565621839963,0.915165102177173,1.0,3.0,missense,possibly_wt_like,72
185,urn:mavedb:00000013-a-1#4370,p.Ala72Gln,0.65962471433178,0.370441734157342,4.0,0.185220867078671,0.296598485672304,1.02265094299126,0.0,2.0,missense,possibly_low,72
186,urn:mavedb:00000013-a-1#4370,p.Ala72Gln,0.65962471433178,0.370441734157342,4.0,0.185220867078671,0.296598485672304,1.02265094299126,0.0,2.0,missense,possibly_low,72
187,urn:mavedb:00000013-a-1#4373,p.Ala72Thr,1.0364908879939,0.0827370532022238,4.0,0.0413685266011119,0.955410065762237,1.11757171022557,1.0,4.0,missense,wt_like,72
188,urn:mavedb:00000013-a-1#4365,p.Ala72Leu,0.6270534349666479,0.264857636141941,8.0,0.0936413152825028,0.4435198295479821,0.810587040385313,0.0,2.0,missense,possibly_low,72
189,urn:mavedb:00000013-a-1#4374,p.Ala72Val,0.7958653620085681,0.1721616436473659,8.0,0.0608683328416371,0.676565621839963,0.915165102177173,1.0,3.0,missense,possibly_wt_like,72
190,urn:mavedb:00000013-a-1#4356,p.Ala72=,1.06095857014735,0.231618473068582,8.0,0.0818894964774339,0.9004581063394609,1.22145903395524,0.0,4.0,synonymous,wt_like,72
191,urn:mavedb:00000013-a-1#4376,p.Ala72Ter,0.268730932676681,0.328101722374107,5.0,0.146731550952654,-0.0188576225862241,0.556319487939585,0.0,1.0,nonsense,low,72
192,urn:mavedb:00000013-a-1#50,p.Asp77Pro,0.8588941433327221,0.143833391025432,8.0,0.0508527830775698,0.759224519987057,0.958563766678387,0.0,4.0,missense,wt_like,77
193,urn:mavedb:00000013-a-1#51,p.Asp77Gln,0.6226463217315911,0.288149348962013,8.0,0.101876179322764,0.42297267937643,0.822319964086753,0.0,2.0,missense,possibly_low,77
194,urn:mavedb:00000013-a-1#55,p.Asp77Val,0.650028648150464,0.113073273994525,8.0,0.0399774394062465,0.571674306720088,0.7283829895808391,1.0,2.0,missense,possibly_low,77
195,urn:mavedb:00000013-a-1#40,p.Asp77Cys,0.6593879701045451,0.319803513003939,8.0,0.113067616346183,0.437779514248235,0.8809964259608559,0.0,2.0,missense,possibly_low,77
196,urn:mavedb:00000013-a-1#40,p.Asp77Cys,0.6593879701045451,0.319803513003939,8.0,0.113067616346183,0.437779514248235,0.8809964259608559,0.0,2.0,missense,possibly_low,77
197,urn:mavedb:00000013-a-1#46,p.Asp77Lys,0.688589021921661,0.0720817668172984,2.0,0.0509695061164191,0.588690625623685,0.788487418219636,0.0,2.0,missense,possibly_low,77
198,urn:mavedb:00000013-a-1#41,p.Asp77=,1.04171947475272,0.12702748374853,8.0,0.0449109975778248,0.953695536990419,1.12974341251502,0.0,4.0,synonymous,wt_like,77
199,urn:mavedb:00000013-a-1#57,p.Asp77Ter,-0.0262115418733681,0.0293474572943227,8.0,0.0103758930316991,-0.0465479185229385,-0.0058751652237978,0.0,1.0,nonsense,low,77
200,urn:mavedb:00000013-a-1#73,p.Ala79His,1.15336838151358,0.111493712748603,4.0,0.0557468563743014,1.04410655076863,1.26263021225854,0.0,4.0,missense,wt_like,79
201,urn:mavedb:00000013-a-1#74,p.Ala79Lys,0.6967744568418421,0.262464044486135,2.0,0.185590105673794,0.333024533834224,1.06052437984946,0.0,2.0,missense,possibly_low,79
202,urn:mavedb:00000013-a-1#75,p.Ala79Leu,0.8921009131556029,0.0433942232218276,8.0,0.0153421747522385,0.862030803196695,0.92217102311451,0.0,4.0,missense,wt_like,79
203,urn:mavedb:00000013-a-1#73,p.Ala79His,1.15336838151358,0.111493712748603,4.0,0.0557468563743014,1.04410655076863,1.26263021225854,0.0,4.0,missense,wt_like,79
204,urn:mavedb:00000013-a-1#73,p.Ala79His,1.15336838151358,0.111493712748603,4.0,0.0557468563743014,1.04410655076863,1.26263021225854,0.0,4.0,missense,wt_like,79
205,urn:mavedb:00000013-a-1#84,p.Ala79Val,0.74625924654711,0.2605171815596069,8.0,0.0921067328482025,0.5657333674309809,0.926785125663239,1.0,3.0,missense,possibly_wt_like,79
206,urn:mavedb:00000013-a-1#66,p.Ala79=,0.9252143671143492,0.224466242167432,7.0,0.0848402649291751,0.7589305034143291,1.09149823081437,0.0,4.0,synonymous,wt_like,79
207,urn:mavedb:00000013-a-1#86,p.Ala79Ter,0.0766695579459734,0.161240151040595,6.0,0.0658260160164581,-0.0523470626920412,0.205686178583988,0.0,1.0,nonsense,low,79
208,urn:mavedb:00000013-a-1#243,p.Asp92Ala,1.04452681930451,0.0750546800090594,8.0,0.0265358365970961,0.99251753527456,1.09653610333446,1.0,4.0,missense,wt_like,92
209,urn:mavedb:00000013-a-1#260,p.Asp92Trp,0.64090200513675,0.338197036292421,8.0,0.119570708869782,0.406547722146054,0.8752562881274458,0.0,2.0,missense,possibly_low,92
210,urn:mavedb:00000013-a-1#256,p.Asp92Ser,0.867702336533336,0.138828062971047,8.0,0.0490831323729101,0.77150116483402,0.963903508232652,0.0,4.0,missense,wt_like,92
211,urn:mavedb:00000013-a-1#259,p.Asp92Val,0.7519593526294659,0.1725852674178649,8.0,0.061018106462033,0.6323660615590501,0.871552643699881,1.0,3.0,missense,possibly_wt_like,92
212,urn:mavedb:00000013-a-1#254,p.Asp92Gln,1.05252782851376,0.109266870876133,7.0,0.0412989952680648,0.971583285190668,1.1334723718368602,0.0,4.0,missense,wt_like,92
213,urn:mavedb:00000013-a-1#252,p.Asp92Leu,0.932224533003858,0.0797161252436067,7.0,0.0301298632680374,0.873171086139388,0.9912779798683272,0.0,4.0,missense,wt_like,92
214,urn:mavedb:00000013-a-1#245,p.Asp92=,0.9145969978208548,0.2427439744381,6.0,0.0990998125847578,0.720364934280061,1.1088290613616498,0.0,4.0,synonymous,wt_like,92
215,urn:mavedb:00000013-a-1#261,p.Asp92Ter,-0.0367917590001421,0.128628572320268,8.0,0.0454770678710028,-0.125925174149791,0.0523416561495071,0.0,1.0,nonsense,low,92
216,urn:mavedb:00000013-a-1#288,p.Asn94Ser,0.999681887975861,0.5062372797445779,4.0,0.2531186398722889,0.503578470010411,1.49578530594131,1.0,3.0,missense,possibly_wt_like,94
217,urn:mavedb:00000013-a-1#282,p.Asn94Leu,0.8700353093043349,0.34495694568867,8.0,0.121960697756929,0.630996734171379,1.10907388443729,0.0,3.0,missense,possibly_wt_like,94
218,urn:mavedb:00000013-a-1#287,p.Asn94Arg,0.8739685199035441,0.244403688367458,8.0,0.0864097526958165,0.704608516706731,1.04332852310036,0.0,3.0,missense,possibly_wt_like,94
219,urn:mavedb:00000013-a-1#282,p.Asn94Leu,0.8700353093043349,0.34495694568867,8.0,0.121960697756929,0.630996734171379,1.10907388443729,0.0,3.0,missense,possibly_wt_like,94
220,urn:mavedb:00000013-a-1#278,p.Asn94Glu,0.6988700630660141,0.517674588797707,6.0,0.211339765893247,0.284651733414123,1.1130883927178998,0.0,2.0,missense,possibly_low,94
221,urn:mavedb:00000013-a-1#277,p.Asn94Cys,0.8404361101761361,0.462380806380027,5.0,0.206782982911382,0.4351489110540661,1.24572330929821,0.0,3.0,missense,possibly_wt_like,94
222,urn:mavedb:00000013-a-1#284,p.Asn94=,1.06786692206168,0.0661703293524842,5.0,0.0295922709051409,1.00986713686685,1.12586670725651,0.0,4.0,synonymous,wt_like,94
223,urn:mavedb:00000013-a-1#292,p.Asn94Ter,-0.0674333384139273,0.0552530611643105,8.0,0.0195349071152995,-0.10572105280125,-0.029145624026605,0.0,1.0,nonsense,low,94
224,urn:mavedb:00000013-a-1#306,p.Pro95Ser,0.5340209521020179,0.104674448128753,5.0,0.0468118363046335,0.4422714388947521,0.6257704653092839,1.0,1.0,missense,low,95
225,urn:mavedb:00000013-a-1#294,p.Pro95Ala,0.618920578065124,0.091085006143734,8.0,0.0322034127543263,0.555803048887366,0.6820381072428809,1.0,1.0,missense,low,95
226,urn:mavedb:00000013-a-1#306,p.Pro95Ser,0.5340209521020179,0.104674448128753,5.0,0.0468118363046335,0.4422714388947521,0.6257704653092839,1.0,1.0,missense,low,95
227,urn:mavedb:00000013-a-1#295,p.Pro95Cys,0.635511407539907,0.200311589222205,7.0,0.0757106642580114,0.4871212323486,0.783901582731213,0.0,2.0,missense,possibly_low,95
228,urn:mavedb:00000013-a-1#310,p.Pro95Tyr,0.405463632421508,0.245877801930825,8.0,0.0869309305442647,0.235082139412196,0.5758451254308199,0.0,1.0,missense,low,95
229,urn:mavedb:00000013-a-1#299,p.Pro95Gly,0.507344954423279,0.215611132619562,8.0,0.0762300469873022,0.35793680778837,0.6567531010581871,0.0,1.0,missense,low,95
230,urn:mavedb:00000013-a-1#304,p.Pro95=,0.726520781524853,0.106254938271899,3.0,0.0613463172140077,0.606284209201228,0.8467573538484781,0.0,3.0,synonymous,possibly_wt_like,95
231,urn:mavedb:00000013-a-1#309,p.Pro95Ter,0.0773020779883025,0.331826287555976,7.0,0.125418547906703,-0.168513758902146,0.323117914878751,0.0,1.0,nonsense,low,95
232,urn:mavedb:00000013-a-1#321,p.Leu98Lys,0.0163249839117523,0.14171003344331,2.0,0.100204125609937,-0.180071493386051,0.212721461209556,0.0,1.0,missense,low,98
233,urn:mavedb:00000013-a-1#321,p.Leu98Lys,0.0163249839117523,0.14171003344331,2.0,0.100204125609937,-0.180071493386051,0.212721461209556,0.0,1.0,missense,low,98
234,urn:mavedb:00000013-a-1#320,p.Leu98His,0.653365063915037,0.578498130636759,2.0,0.409059951076993,-0.148377707713586,1.45510783554366,0.0,2.0,missense,possibly_low,98
235,urn:mavedb:00000013-a-1#326,p.Leu98Val,0.6844674962302031,0.322761928712505,8.0,0.114113574250731,0.460809000551634,0.9081259919087727,1.0,2.0,missense,possibly_low,98
236,urn:mavedb:00000013-a-1#319,p.Leu98Gly,0.138374053908411,0.0737306545262182,8.0,0.0260677228984058,0.0872822558685657,0.189465851948256,0.0,1.0,missense,low,98
237,urn:mavedb:00000013-a-1#317,p.Leu98Ala,0.175951772658162,0.188425652998984,4.0,0.0942128264994921,-0.0087019741625627,0.3606055194788879,0.0,1.0,missense,low,98
238,urn:mavedb:00000013-a-1#322,p.Leu98=,1.06633330502248,0.294961804106914,5.0,0.131910928949807,0.8077926351136311,1.32487397493132,0.0,4.0,synonymous,wt_like,98
239,urn:mavedb:00000013-a-1#327,p.Leu98Ter,-0.0293599273406699,0.0346410456403969,5.0,0.01549194657272,-0.0597235846736199,0.00100372999228,0.0,1.0,nonsense,low,98
240,urn:mavedb:00000013-a-1#464,p.Leu112Ser,0.141238217537745,0.185497983213486,7.0,0.0701116474695596,0.0038219136006391,0.27865452147485,0.0,1.0,missense,low,112
241,urn:mavedb:00000013-a-1#459,p.Leu112His,0.196853072950676,0.158693923499005,3.0,0.0916219794509086,0.0172772930346259,0.3764288528667249,0.0,1.0,missense,low,112
242,urn:mavedb:00000013-a-1#455,p.Leu112Glu,0.17450842837844,0.1384740745612699,4.0,0.0692370372806349,0.0388063289121384,0.310210527844742,0.0,1.0,missense,low,112
243,urn:mavedb:00000013-a-1#464,p.Leu112Ser,0.141238217537745,0.185497983213486,7.0,0.0701116474695596,0.0038219136006391,0.27865452147485,0.0,1.0,missense,low,112
244,urn:mavedb:00000013-a-1#464,p.Leu112Ser,0.141238217537745,0.185497983213486,7.0,0.0701116474695596,0.0038219136006391,0.27865452147485,0.0,1.0,missense,low,112
245,urn:mavedb:00000013-a-1#457,p.Leu112Gly,0.1898079519684789,0.143472281177646,8.0,0.0507251114665083,0.0903885603823427,0.289227343554615,0.0,1.0,missense,low,112
246,urn:mavedb:00000013-a-1#461,p.Leu112=,0.8275065597977931,0.324444030935644,8.0,0.114708287195046,0.602682448167226,1.05233067142836,0.0,3.0,synonymous,possibly_wt_like,112
247,urn:mavedb:00000013-a-1#467,p.Leu112Ter,-0.0224174373215642,0.0526003011393948,5.0,0.0235235697969293,-0.0685227869113598,0.0236879122682315,0.0,1.0,nonsense,low,112
248,urn:mavedb:00000013-a-1#479,p.Glu114Gln,0.510210717303975,0.380100468722544,4.0,0.190050234361272,0.137719102702485,0.882702331905465,1.0,2.0,missense,possibly_low,114
249,urn:mavedb:00000013-a-1#470,p.Glu114Ala,0.5082376784696739,0.579069287317978,4.0,0.289534643658989,-0.0592397953785817,1.07571515231793,1.0,2.0,missense,possibly_low,114
250,urn:mavedb:00000013-a-1#479,p.Glu114Gln,0.510210717303975,0.380100468722544,4.0,0.190050234361272,0.137719102702485,0.882702331905465,1.0,2.0,missense,possibly_low,114
251,urn:mavedb:00000013-a-1#477,p.Glu114Met,0.6181360324316479,0.5343735064788779,6.0,0.218157070489182,0.190556031300085,1.04571603356321,0.0,2.0,missense,possibly_low,114
252,urn:mavedb:00000013-a-1#479,p.Glu114Gln,0.510210717303975,0.380100468722544,4.0,0.190050234361272,0.137719102702485,0.882702331905465,1.0,2.0,missense,possibly_low,114
253,urn:mavedb:00000013-a-1#471,p.Glu114Asp,0.7229637277434809,0.343747701811332,3.0,0.198462828174088,0.3339837322523089,1.11194372323465,1.0,3.0,missense,possibly_wt_like,114
254,urn:mavedb:00000013-a-1#472,p.Glu114=,1.00998542700111,0.209268577937377,6.0,0.0854335391907379,0.8425387671154759,1.17743208688675,0.0,4.0,synonymous,wt_like,114
255,urn:mavedb:00000013-a-1#485,p.Glu114Ter,-0.0510245249471721,0.0147798844943044,4.0,0.0073899422471521,-0.0655085455994214,-0.0365405042949229,1.0,1.0,nonsense,low,114
