variant,variant_type,replicate,bin1_count,bin2_count,bin3_count,bin4_count
WT,wild_type,1,9,42,267,376
p.Gly12Gly,synonymous,1,12,32,247,316
p.Trp18Ter,nonsense,1,221,110,41,6
p.Gln36Ter,nonsense,1,217,115,38,11
p.Tyr52Ter,nonsense,1,207,89,30,7
p.Leu25Pro,missense,1,190,154,68,11
p.Val30Asp,missense,1,124,208,146,36
p.Ile40Asn,missense,1,40,172,258,43
p.Gly46Arg,missense,1,159,17,22,181
p.Ser45Thr,missense,1,17,54,214,287
p.Lys50Arg,missense,1,0,4,62,320
p.Ala58Val,missense,1,4,3,7,6
WT,wild_type,2,18,46,152,411
p.Gly12Gly,synonymous,2,5,60,133,340
p.Trp18Ter,nonsense,2,241,116,30,8
p.Gln36Ter,nonsense,2,313,101,28,6
p.Tyr52Ter,nonsense,2,246,135,37,6
p.Leu25Pro,missense,2,302,188,46,15
p.Val30Asp,missense,2,148,183,82,50
p.Ile40Asn,missense,2,43,185,165,56
p.Gly46Arg,missense,2,152,28,14,178
p.Ser45Thr,missense,2,19,38,172,301
p.Lys50Arg,missense,2,0,11,38,329
p.Ala58Val,missense,2,13,9,3,0
